ctime,schemaname,relname,seq_scan,seq_tup_read,idx_scan,idx_tup_fetch,n_tup_ins,n_tup_upd,n_tup_del,n_tup_hot_upd,n_live_tup,n_dead_tup,heap_blks_read,heap_blks_hit,idx_blks_read,idx_blks_hit,toast_blks_read,toast_blks_hit,tidx_blks_read,tidx_blks_hit
1416383262.97349,pg_catalog,pg_attrdef,0,0,0,0,0,0,0,0,0,0,0,0,0,0,0,0,0,0
1416383262.97349,pg_catalog,pg_db_role_setting,0,0,73836,0,0,0,0,0,0,0,0,0,225,73611,0,0,0,0
1416383262.97349,pg_catalog,pg_rowsecurity,0,0,0,0,0,0,0,0,0,0,0,0,0,0,,,,
1416383262.97349,pg_catalog,pg_description,0,0,2413,0,0,0,0,0,0,0,0,0,646,4727,0,0,0,0
1416383262.97349,pg_catalog,pg_foreign_data_wrapper,0,0,0,0,0,0,0,0,0,0,0,0,0,0,,,,
1416383262.97349,pg_catalog,pg_conversion,0,0,0,0,0,0,0,0,0,0,0,0,0,0,,,,
1416383262.97349,pg_catalog,pg_class,5488,1175923,433597,395307,951,305,951,295,337,66,5559,453337,3951,907070,,,,
1416383262.97349,pg_catalog,pg_opfamily,0,0,0,0,0,0,0,0,0,0,0,0,0,0,,,,
1416383262.97349,pg_catalog,pg_auth_members,0,0,0,0,0,0,0,0,0,0,0,0,0,0,,,,
1416383262.97349,pg_catalog,pg_operator,0,0,136170,716539,0,0,0,0,0,0,3815,495406,3346,295086,,,,
1416383262.97349,pg_toast,pg_toast_12345,0,0,0,0,0,0,0,0,0,0,0,0,0,0,,,,
1416383262.97349,pg_catalog,pg_attribute,1474,10050,357533,807736,3428,90,3428,90,2514,259,13729,396153,3256,746904,,,,
1416383262.97349,pg_catalog,pg_tablespace,0,0,12558,12558,0,0,0,0,0,0,366,12192,757,24409,,,,
1416383262.97349,pg_catalog,pg_statistic,0,0,99323,95809,743,2164,746,2039,464,71,9971,92337,1146,212131,24061,97574,1021,105914
1416383262.97349,pg_catalog,pg_aggregate,0,0,9489,9489,0,0,0,0,0,0,702,8787,1592,14943,,,,
1416383262.97349,pg_catalog,pg_inherits,0,0,547,0,0,0,0,0,0,0,0,0,224,323,,,,
1416383262.97349,pg_catalog,pg_enum,0,0,0,0,0,0,0,0,0,0,0,0,0,0,,,,
1416383262.97349,pg_toast,pg_toast_2396,0,0,0,0,0,0,0,0,0,0,0,0,0,0,,,,
1416383262.97349,pg_catalog,pg_pltemplate,0,0,0,0,0,0,0,0,0,0,0,0,0,0,,,,
1416383262.97349,pg_toast,pg_toast_2618,0,0,1727,5516,0,0,0,0,0,0,992,1122,299,2485,,,,
1416383262.97349,pg_toast,pg_toast_3596,0,0,0,0,0,0,0,0,0,0,0,0,0,0,,,,
1416383262.97349,pg_toast,pg_toast_2606,0,0,0,0,0,0,0,0,0,0,0,0,0,0,,,,
1416383262.97349,pg_toast,pg_toast_2964,0,0,0,0,0,0,0,0,0,0,0,0,0,0,,,,
1416383262.97349,pg_toast,pg_toast_12330,0,0,0,0,0,0,0,0,0,0,0,0,0,0,,,,
1416383262.97349,pg_catalog,pg_database,1346,5174,60020,60020,0,0,0,0,0,0,169,61197,1007,95896,,,,
1416383262.97349,information_schema,sql_sizing_profiles,0,0,,,0,0,0,0,0,0,0,0,,,0,0,0,0
1416383262.97349,pg_toast,pg_toast_2620,0,0,0,0,0,0,0,0,0,0,0,0,0,0,,,,
1416383262.97349,pg_catalog,pg_depend,0,0,22657,24368,4163,0,4163,0,6685,147,4085,29204,5712,59002,,,,
1416383262.97349,pg_catalog,pg_language,0,0,0,0,0,0,0,0,0,0,0,0,0,0,,,,
1416383262.97349,public,region,6,10,8,8,5,0,0,0,5,0,1,11,2,9,,,,
1416383262.97349,pg_toast,pg_toast_12320,0,0,0,0,0,0,0,0,0,0,0,0,0,0,,,,
1416383262.97349,pg_catalog,pg_amproc,268,536,77692,122401,0,0,0,0,0,0,372,76397,704,172641,,,,
1416383262.97349,pg_catalog,pg_collation,0,0,0,0,0,0,0,0,0,0,0,0,0,0,,,,
1416383262.97349,pg_catalog,pg_range,0,0,4266,0,0,0,0,0,0,0,0,0,1670,6862,,,,
1416383262.97349,pg_toast,pg_toast_2609,0,0,0,0,0,0,0,0,0,0,0,0,0,0,,,,
1416383262.97349,pg_catalog,pg_opclass,268,268,107029,1201321,0,0,0,0,0,0,856,477033,1718,130700,,,,
1416383262.97349,information_schema,sql_packages,0,0,,,0,0,0,0,0,0,0,0,,,0,0,0,0
1416383262.97349,public,part,8,12000000,26,26,2000000,0,0,0,2000000,0,79007,327741,10,108,,,,
1416383262.97349,pg_catalog,pg_rewrite,0,0,4227,3312,305,0,305,0,110,46,2083,3774,979,6233,992,1122,598,4970
1416383262.97349,pg_toast,pg_toast_1255,0,0,0,0,0,0,0,0,0,0,0,0,0,0,,,,
1416383262.97349,pg_catalog,pg_seclabel,0,0,2413,0,0,0,0,0,0,0,0,0,211,2202,0,0,0,0
1416383262.97349,public,time_statistics,1,1,,,3,1,0,1,3,1,2,3,,,,,,
1416383262.97349,pg_toast,pg_toast_12335,0,0,0,0,0,0,0,0,0,0,0,0,0,0,,,,
1416383262.97349,pg_catalog,pg_ts_parser,0,0,0,0,0,0,0,0,0,0,0,0,0,0,,,,
1416383262.97349,pg_catalog,pg_trigger,0,0,0,0,0,0,0,0,0,0,0,0,0,0,0,0,0,0
1416383262.97349,public,nation,13,50,42,42,25,0,0,0,25,0,1,45,2,49,,,,
1416383262.97349,public,partsupp,5,24000000,42,42,8000000,0,0,0,8000000,0,340611,954551,12,124,,,,
1416383262.97349,public,supplier,7,400000,42,42,100000,0,0,0,100000,0,2312,15690,6,108,,,,
1416383262.97349,pg_toast,pg_toast_12340,0,0,0,0,0,0,0,0,0,0,0,0,0,0,,,,
1416383262.97349,pg_catalog,pg_shseclabel,0,0,0,0,0,0,0,0,0,0,0,0,0,0,,,,
1416383262.97349,pg_catalog,pg_event_trigger,0,0,889,0,0,0,0,0,0,0,0,0,247,642,,,,
1416383262.97349,information_schema,sql_features,0,0,,,0,0,0,0,0,0,0,0,,,0,0,0,0
1416383262.97349,information_schema,sql_languages,0,0,,,0,0,0,0,0,0,0,0,,,0,0,0,0
1416383262.97349,pg_catalog,pg_foreign_table,0,0,0,0,0,0,0,0,0,0,0,0,0,0,,,,
1416383262.97349,pg_catalog,pg_extension,0,0,0,0,0,0,0,0,0,0,0,0,0,0,,,,
1416383262.97349,pg_catalog,pg_ts_config,0,0,0,0,0,0,0,0,0,0,0,0,0,0,,,,
1416383262.97349,pg_catalog,pg_shdescription,0,0,0,0,0,0,0,0,0,0,0,0,0,0,0,0,0,0
1416383262.97349,public,orders,10,60000000,30,30,15000000,0,0,0,15000000,0,504554,1558810,8,118,,,,
1416383262.97349,pg_catalog,pg_cast,0,0,593389,140663,0,0,0,0,0,0,811,139852,496,609839,,,,
1416383262.97349,pg_catalog,pg_amop,0,0,158908,231581,0,0,0,0,0,0,1189,230392,2603,336026,,,,
1416383262.97349,pg_catalog,pg_user_mapping,0,0,0,0,0,0,0,0,0,0,0,0,0,0,,,,
1416383262.97349,pg_toast,pg_toast_12315,0,0,0,0,0,0,0,0,0,0,0,0,0,0,,,,
1416383262.97349,pg_catalog,pg_type,0,0,419649,415540,1085,0,1085,0,360,88,2750,417599,4069,862336,,,,
1416383262.97349,pg_catalog,pg_largeobject,0,0,0,0,0,0,0,0,0,0,0,0,0,0,,,,
1416383262.97349,information_schema,sql_parts,0,0,,,0,0,0,0,0,0,0,0,,,0,0,0,0
1416383262.97349,pg_catalog,pg_ts_config_map,0,0,0,0,0,0,0,0,0,0,0,0,0,0,,,,
1416383262.97349,pg_catalog,pg_largeobject_metadata,0,0,0,0,0,0,0,0,0,0,0,0,0,0,,,,
1416383262.97349,pg_catalog,pg_am,18365,18365,0,0,0,0,0,0,0,0,263,18102,0,0,,,,
1416383262.97349,pg_catalog,pg_ts_template,0,0,0,0,0,0,0,0,0,0,0,0,0,0,,,,
1416383262.97349,public,customer,10,9000000,28,28,1500000,0,0,0,1500000,0,68533,294885,10,114,,,,
1416383262.97349,pg_catalog,pg_foreign_server,0,0,0,0,0,0,0,0,0,0,0,0,0,0,,,,
1416383262.97349,pg_catalog,pg_namespace,722,61020,96336,78902,2,0,0,0,2,0,406,79943,1182,113885,,,,
1416383262.97349,pg_toast,pg_toast_2619,0,0,74477,248548,2802,0,2564,0,261,20,24061,97574,1021,105914,,,,
1416383262.97349,pg_catalog,pg_authid,405,405,35084,35084,0,0,0,0,0,0,226,35263,1040,69128,,,,
1416383262.97349,pg_catalog,pg_default_acl,0,0,2188,0,0,0,0,0,0,0,0,0,228,1960,,,,
1416383262.97349,pg_catalog,pg_shdepend,0,0,2962,549,0,0,0,0,0,0,247,302,929,3127,,,,
1416383262.97349,pg_catalog,pg_constraint,0,0,144,72,72,0,72,0,10,32,39,405,72,724,0,0,0,0
1416383262.97349,information_schema,sql_implementation_info,0,0,,,0,0,0,0,0,0,0,0,,,0,0,0,0
1416383262.97349,pg_catalog,pg_index,2589,232773,198500,281726,404,0,404,0,143,0,2408,284214,1308,227092,,,,
1416383262.97349,pg_catalog,pg_ts_dict,0,0,0,0,0,0,0,0,0,0,0,0,0,0,,,,
1416383262.97349,pg_toast,pg_toast_2604,0,0,0,0,0,0,0,0,0,0,0,0,0,0,,,,
1416383262.97349,public,lineitem,13,539874468,56,56,59986052,0,0,0,59986093,0,8284367,4978007,22,338,,,,
1416383262.97349,pg_toast,pg_toast_12325,0,0,0,0,0,0,0,0,0,0,0,0,0,0,,,,
1416383262.97349,information_schema,sql_sizing,0,0,,,0,0,0,0,0,0,0,0,,,0,0,0,0
1416383262.97349,pg_catalog,pg_proc,0,0,155643,230634,0,0,0,0,0,0,13365,154558,6516,338239,0,0,0,0
1416383322.97746,pg_catalog,pg_attrdef,0,0,0,0,0,0,0,0,0,0,0,0,0,0,0,0,0,0
1416383322.97746,pg_catalog,pg_db_role_setting,0,0,73936,0,0,0,0,0,0,0,0,0,226,73710,0,0,0,0
1416383322.97746,pg_catalog,pg_rowsecurity,0,0,0,0,0,0,0,0,0,0,0,0,0,0,,,,
1416383322.97746,pg_catalog,pg_description,0,0,2413,0,0,0,0,0,0,0,0,0,646,4727,0,0,0,0
1416383322.97746,pg_catalog,pg_foreign_data_wrapper,0,0,0,0,0,0,0,0,0,0,0,0,0,0,,,,
1416383322.97746,pg_catalog,pg_conversion,0,0,0,0,0,0,0,0,0,0,0,0,0,0,,,,
1416383322.97746,pg_catalog,pg_class,5498,1178973,434066,395761,951,305,951,295,337,66,5560,453921,3952,908040,,,,
1416383322.97746,pg_catalog,pg_opfamily,0,0,0,0,0,0,0,0,0,0,0,0,0,0,,,,
1416383322.97746,pg_catalog,pg_auth_members,0,0,0,0,0,0,0,0,0,0,0,0,0,0,,,,
1416383322.97746,pg_catalog,pg_operator,0,0,136234,716855,0,0,0,0,0,0,3827,495611,3348,295231,,,,
1416383322.97746,pg_toast,pg_toast_12345,0,0,0,0,0,0,0,0,0,0,0,0,0,0,,,,
1416383322.97746,pg_catalog,pg_attribute,1474,10050,357841,808309,3428,90,3428,90,2514,259,13748,396457,3257,747535,,,,
1416383322.97746,pg_catalog,pg_tablespace,0,0,12570,12570,0,0,0,0,0,0,367,12203,760,24432,,,,
1416383322.97746,pg_catalog,pg_statistic,0,0,99385,95856,743,2164,746,2039,464,71,9978,92377,1147,212264,24089,97587,1021,105969
1416383322.97746,pg_catalog,pg_aggregate,0,0,9492,9492,0,0,0,0,0,0,703,8789,1594,14947,,,,
1416383322.97746,pg_catalog,pg_inherits,0,0,547,0,0,0,0,0,0,0,0,0,224,323,,,,
1416383322.97746,pg_catalog,pg_enum,0,0,0,0,0,0,0,0,0,0,0,0,0,0,,,,
1416383322.97746,pg_toast,pg_toast_2396,0,0,0,0,0,0,0,0,0,0,0,0,0,0,,,,
1416383322.97746,pg_catalog,pg_pltemplate,0,0,0,0,0,0,0,0,0,0,0,0,0,0,,,,
1416383322.97746,pg_toast,pg_toast_2618,0,0,1732,5532,0,0,0,0,0,0,997,1123,299,2493,,,,
1416383322.97746,pg_toast,pg_toast_3596,0,0,0,0,0,0,0,0,0,0,0,0,0,0,,,,
1416383322.97746,pg_toast,pg_toast_2606,0,0,0,0,0,0,0,0,0,0,0,0,0,0,,,,
1416383322.97746,pg_toast,pg_toast_2964,0,0,0,0,0,0,0,0,0,0,0,0,0,0,,,,
1416383322.97746,pg_toast,pg_toast_12330,0,0,0,0,0,0,0,0,0,0,0,0,0,0,,,,
1416383322.97746,pg_catalog,pg_database,1350,5184,60099,60099,0,0,0,0,0,0,169,61280,1011,96020,,,,
1416383322.97746,information_schema,sql_sizing_profiles,0,0,,,0,0,0,0,0,0,0,0,,,0,0,0,0
1416383322.97746,pg_toast,pg_toast_2620,0,0,0,0,0,0,0,0,0,0,0,0,0,0,,,,
1416383322.97746,pg_catalog,pg_depend,0,0,22657,24368,4163,0,4163,0,6685,147,4085,29204,5712,59002,,,,
1416383322.97746,pg_catalog,pg_language,0,0,0,0,0,0,0,0,0,0,0,0,0,0,,,,
1416383322.97746,public,region,6339,31670,12,12,5,0,0,0,5,0,2,6346,4,12,,,,
1416383322.97746,pg_toast,pg_toast_12320,0,0,0,0,0,0,0,0,0,0,0,0,0,0,,,,
1416383322.97746,pg_catalog,pg_amproc,268,536,77737,122472,0,0,0,0,0,0,372,76441,704,172745,,,,
1416383322.97746,pg_catalog,pg_collation,0,0,0,0,0,0,0,0,0,0,0,0,0,0,,,,
1416383322.97746,pg_catalog,pg_range,0,0,4269,0,0,0,0,0,0,0,0,0,1672,6866,,,,
1416383322.97746,pg_toast,pg_toast_2609,0,0,0,0,0,0,0,0,0,0,0,0,0,0,,,,
1416383322.97746,pg_catalog,pg_opclass,268,268,107079,1201781,0,0,0,0,0,0,856,477219,1718,130768,,,,
1416383322.97746,information_schema,sql_packages,0,0,,,0,0,0,0,0,0,0,0,,,0,0,0,0
1416383322.97746,public,part,9,14000000,33,2000032,2000000,0,0,0,2000000,0,119529,369021,5483,130,,,,
1416383322.97746,pg_catalog,pg_rewrite,0,0,4234,3319,305,0,305,0,110,46,2087,3777,979,6245,997,1123,598,4986
1416383322.97746,pg_toast,pg_toast_1255,0,0,0,0,0,0,0,0,0,0,0,0,0,0,,,,
1416383322.97746,pg_catalog,pg_seclabel,0,0,2413,0,0,0,0,0,0,0,0,0,211,2202,0,0,0,0
1416383322.97746,public,time_statistics,4,13,,,6,4,0,4,6,4,2,12,,,,,,
1416383322.97746,pg_toast,pg_toast_12335,0,0,0,0,0,0,0,0,0,0,0,0,0,0,,,,
1416383322.97746,pg_catalog,pg_ts_parser,0,0,0,0,0,0,0,0,0,0,0,0,0,0,,,,
1416383322.97746,pg_catalog,pg_trigger,0,0,0,0,0,0,0,0,0,0,0,0,0,0,0,0,0,0
1416383322.97746,public,nation,14,75,25374,25374,25,0,0,0,25,0,2,25377,4,25380,,,,
1416383322.97746,public,partsupp,5,24000000,26436,1629458,8000000,0,0,0,8000000,0,511560,2394779,20141,63733,,,,
1416383322.97746,public,supplier,9,500000,25374,25374,100000,0,0,0,100000,0,4491,41022,284,50614,,,,
1416383322.97746,pg_toast,pg_toast_12340,0,0,0,0,0,0,0,0,0,0,0,0,0,0,,,,
1416383322.97746,pg_catalog,pg_shseclabel,0,0,0,0,0,0,0,0,0,0,0,0,0,0,,,,
1416383322.97746,pg_catalog,pg_event_trigger,0,0,889,0,0,0,0,0,0,0,0,0,247,642,,,,
1416383322.97746,information_schema,sql_features,0,0,,,0,0,0,0,0,0,0,0,,,0,0,0,0
1416383322.97746,information_schema,sql_languages,0,0,,,0,0,0,0,0,0,0,0,,,0,0,0,0
1416383322.97746,pg_catalog,pg_foreign_table,0,0,0,0,0,0,0,0,0,0,0,0,0,0,,,,
1416383322.97746,pg_catalog,pg_extension,0,0,0,0,0,0,0,0,0,0,0,0,0,0,,,,
1416383322.97746,pg_catalog,pg_ts_config,0,0,0,0,0,0,0,0,0,0,0,0,0,0,,,,
1416383322.97746,pg_catalog,pg_shdescription,0,0,0,0,0,0,0,0,0,0,0,0,0,0,0,0,0,0
1416383322.97746,public,orders,10,60000000,30,30,15015000,0,0,0,15015000,0,504810,1559367,2828,132793,,,,
1416383322.97746,pg_catalog,pg_cast,0,0,593682,140748,0,0,0,0,0,0,811,139937,496,610145,,,,
1416383322.97746,pg_catalog,pg_amop,0,0,158987,231698,0,0,0,0,0,0,1191,230507,2603,336199,,,,
1416383322.97746,pg_catalog,pg_user_mapping,0,0,0,0,0,0,0,0,0,0,0,0,0,0,,,,
1416383322.97746,pg_toast,pg_toast_12315,0,0,0,0,0,0,0,0,0,0,0,0,0,0,,,,
1416383322.97746,pg_catalog,pg_type,0,0,419933,415824,1085,0,1085,0,360,88,2751,417882,4069,862919,,,,
1416383322.97746,pg_catalog,pg_largeobject,0,0,0,0,0,0,0,0,0,0,0,0,0,0,,,,
1416383322.97746,information_schema,sql_parts,0,0,,,0,0,0,0,0,0,0,0,,,0,0,0,0
1416383322.97746,pg_catalog,pg_ts_config_map,0,0,0,0,0,0,0,0,0,0,0,0,0,0,,,,
1416383322.97746,pg_catalog,pg_largeobject_metadata,0,0,0,0,0,0,0,0,0,0,0,0,0,0,,,,
1416383322.97746,pg_catalog,pg_am,18379,18379,0,0,0,0,0,0,0,0,263,18116,0,0,,,,
1416383322.97746,pg_catalog,pg_ts_template,0,0,0,0,0,0,0,0,0,0,0,0,0,0,,,,
1416383322.97746,public,customer,10,9000000,28,28,1500000,0,0,0,1500000,0,68533,294885,10,114,,,,
1416383322.97746,pg_catalog,pg_foreign_server,0,0,0,0,0,0,0,0,0,0,0,0,0,0,,,,
1416383322.97746,pg_catalog,pg_namespace,724,61192,96519,79071,2,0,0,0,2,0,406,80116,1183,114083,,,,
1416383322.97746,pg_toast,pg_toast_2619,0,0,74502,248644,2802,0,2564,0,261,20,24089,97587,1021,105969,,,,
1416383322.97746,pg_catalog,pg_authid,408,408,35130,35130,0,0,0,0,0,0,227,35311,1044,69216,,,,
1416383322.97746,pg_catalog,pg_default_acl,0,0,2188,0,0,0,0,0,0,0,0,0,228,1960,,,,
1416383322.97746,pg_catalog,pg_shdepend,0,0,2962,549,0,0,0,0,0,0,247,302,929,3127,,,,
1416383322.97746,pg_catalog,pg_constraint,0,0,144,72,72,0,72,0,10,32,39,405,72,724,0,0,0,0
1416383322.97746,information_schema,sql_implementation_info,0,0,,,0,0,0,0,0,0,0,0,,,0,0,0,0
1416383322.97746,pg_catalog,pg_index,2594,233488,198604,281870,404,0,404,0,143,0,2408,284380,1308,227218,,,,
1416383322.97746,pg_catalog,pg_ts_dict,0,0,0,0,0,0,0,0,0,0,0,0,0,0,,,,
1416383322.97746,pg_toast,pg_toast_2604,0,0,0,0,0,0,0,0,0,0,0,0,0,0,,,,
1416383322.97746,public,lineitem,13,539874468,59,773977,60045669,0,0,0,60045710,0,8697332,4980727,109867,1305795,,,,
1416383322.97746,pg_toast,pg_toast_12325,0,0,0,0,0,0,0,0,0,0,0,0,0,0,,,,
1416383322.97746,information_schema,sql_sizing,0,0,,,0,0,0,0,0,0,0,0,,,0,0,0,0
1416383322.97746,pg_catalog,pg_proc,0,0,155771,230824,0,0,0,0,0,0,13382,154691,6521,338517,0,0,0,0
1416383382.9799,pg_catalog,pg_attrdef,0,0,0,0,0,0,0,0,0,0,0,0,0,0,0,0,0,0
1416383382.9799,pg_catalog,pg_db_role_setting,0,0,73964,0,0,0,0,0,0,0,0,0,227,73737,0,0,0,0
1416383382.9799,pg_catalog,pg_rowsecurity,0,0,0,0,0,0,0,0,0,0,0,0,0,0,,,,
1416383382.9799,pg_catalog,pg_description,0,0,2413,0,0,0,0,0,0,0,0,0,646,4727,0,0,0,0
1416383382.9799,pg_catalog,pg_foreign_data_wrapper,0,0,0,0,0,0,0,0,0,0,0,0,0,0,,,,
1416383382.9799,pg_catalog,pg_conversion,0,0,0,0,0,0,0,0,0,0,0,0,0,0,,,,
1416383382.9799,pg_catalog,pg_class,5508,1182023,434420,396115,951,305,951,295,337,66,5574,454392,3958,908760,,,,
1416383382.9799,pg_catalog,pg_opfamily,0,0,0,0,0,0,0,0,0,0,0,0,0,0,,,,
1416383382.9799,pg_catalog,pg_auth_members,0,0,0,0,0,0,0,0,0,0,0,0,0,0,,,,
1416383382.9799,pg_catalog,pg_operator,0,0,136251,716872,0,0,0,0,0,0,3827,495628,3348,295273,,,,
1416383382.9799,pg_toast,pg_toast_12345,0,0,0,0,0,0,0,0,0,0,0,0,0,0,,,,
1416383382.9799,pg_catalog,pg_attribute,1474,10050,358051,808657,3428,90,3428,90,2514,259,13754,396670,3263,747959,,,,
1416383382.9799,pg_catalog,pg_tablespace,0,0,12575,12575,0,0,0,0,0,0,367,12208,760,24442,,,,
1416383382.9799,pg_catalog,pg_statistic,0,0,99410,95875,743,2164,746,2039,464,71,9980,92394,1147,212319,24089,97590,1021,105978
1416383382.9799,pg_catalog,pg_aggregate,0,0,9493,9493,0,0,0,0,0,0,703,8790,1594,14949,,,,
1416383382.9799,pg_catalog,pg_inherits,0,0,547,0,0,0,0,0,0,0,0,0,224,323,,,,
1416383382.9799,pg_catalog,pg_enum,0,0,0,0,0,0,0,0,0,0,0,0,0,0,,,,
1416383382.9799,pg_toast,pg_toast_2396,0,0,0,0,0,0,0,0,0,0,0,0,0,0,,,,
1416383382.9799,pg_catalog,pg_pltemplate,0,0,0,0,0,0,0,0,0,0,0,0,0,0,,,,
1416383382.9799,pg_toast,pg_toast_2618,0,0,1737,5548,0,0,0,0,0,0,1002,1124,299,2501,,,,
1416383382.9799,pg_toast,pg_toast_3596,0,0,0,0,0,0,0,0,0,0,0,0,0,0,,,,
1416383382.9799,pg_toast,pg_toast_2606,0,0,0,0,0,0,0,0,0,0,0,0,0,0,,,,
1416383382.9799,pg_toast,pg_toast_2964,0,0,0,0,0,0,0,0,0,0,0,0,0,0,,,,
1416383382.9799,pg_toast,pg_toast_12330,0,0,0,0,0,0,0,0,0,0,0,0,0,0,,,,
1416383382.9799,pg_catalog,pg_database,1353,5196,60127,60127,0,0,0,0,0,0,169,61311,1015,96058,,,,
1416383382.9799,information_schema,sql_sizing_profiles,0,0,,,0,0,0,0,0,0,0,0,,,0,0,0,0
1416383382.9799,pg_toast,pg_toast_2620,0,0,0,0,0,0,0,0,0,0,0,0,0,0,,,,
1416383382.9799,pg_catalog,pg_depend,0,0,22657,24368,4163,0,4163,0,6685,147,4085,29204,5712,59002,,,,
1416383382.9799,pg_catalog,pg_language,0,0,0,0,0,0,0,0,0,0,0,0,0,0,,,,
1416383382.9799,public,region,6339,31670,12,12,5,0,0,0,5,0,2,6346,4,12,,,,
1416383382.9799,pg_toast,pg_toast_12320,0,0,0,0,0,0,0,0,0,0,0,0,0,0,,,,
1416383382.9799,pg_catalog,pg_amproc,268,536,77756,122503,0,0,0,0,0,0,374,76458,710,172785,,,,
1416383382.9799,pg_catalog,pg_collation,0,0,0,0,0,0,0,0,0,0,0,0,0,0,,,,
1416383382.9799,pg_catalog,pg_range,0,0,4269,0,0,0,0,0,0,0,0,0,1672,6866,,,,
1416383382.9799,pg_toast,pg_toast_2609,0,0,0,0,0,0,0,0,0,0,0,0,0,0,,,,
1416383382.9799,pg_catalog,pg_opclass,268,268,107099,1201968,0,0,0,0,0,0,858,477289,1722,130795,,,,
1416383382.9799,information_schema,sql_packages,0,0,,,0,0,0,0,0,0,0,0,,,0,0,0,0
1416383382.9799,public,part,9,14000000,33,2000032,2000000,0,0,0,2000000,0,119529,369021,5483,130,,,,
1416383382.9799,pg_catalog,pg_rewrite,0,0,4241,3326,305,0,305,0,110,46,2091,3780,979,6257,1002,1124,598,5002
1416383382.9799,pg_toast,pg_toast_1255,0,0,0,0,0,0,0,0,0,0,0,0,0,0,,,,
1416383382.9799,pg_catalog,pg_seclabel,0,0,2413,0,0,0,0,0,0,0,0,0,211,2202,0,0,0,0
1416383382.9799,public,time_statistics,4,13,,,6,4,0,4,6,4,2,12,,,,,,
1416383382.9799,pg_toast,pg_toast_12335,0,0,0,0,0,0,0,0,0,0,0,0,0,0,,,,
1416383382.9799,pg_catalog,pg_ts_parser,0,0,0,0,0,0,0,0,0,0,0,0,0,0,,,,
1416383382.9799,pg_catalog,pg_trigger,0,0,0,0,0,0,0,0,0,0,0,0,0,0,0,0,0,0
1416383382.9799,public,nation,14,75,25374,25374,25,0,0,0,25,0,2,25377,4,25380,,,,
1416383382.9799,public,partsupp,5,24000000,26436,1629458,8000000,0,0,0,8000000,0,511560,2394779,20141,63733,,,,
1416383382.9799,public,supplier,9,500000,25374,25374,100000,0,0,0,100000,0,4491,41022,284,50614,,,,
1416383382.9799,pg_toast,pg_toast_12340,0,0,0,0,0,0,0,0,0,0,0,0,0,0,,,,
1416383382.9799,pg_catalog,pg_shseclabel,0,0,0,0,0,0,0,0,0,0,0,0,0,0,,,,
1416383382.9799,pg_catalog,pg_event_trigger,0,0,889,0,0,0,0,0,0,0,0,0,247,642,,,,
1416383382.9799,information_schema,sql_features,0,0,,,0,0,0,0,0,0,0,0,,,0,0,0,0
1416383382.9799,information_schema,sql_languages,0,0,,,0,0,0,0,0,0,0,0,,,0,0,0,0
1416383382.9799,pg_catalog,pg_foreign_table,0,0,0,0,0,0,0,0,0,0,0,0,0,0,,,,
1416383382.9799,pg_catalog,pg_extension,0,0,0,0,0,0,0,0,0,0,0,0,0,0,,,,
1416383382.9799,pg_catalog,pg_ts_config,0,0,0,0,0,0,0,0,0,0,0,0,0,0,,,,
1416383382.9799,pg_catalog,pg_shdescription,0,0,0,0,0,0,0,0,0,0,0,0,0,0,0,0,0,0
1416383382.9799,public,orders,10,60000000,30,30,15015000,0,0,0,15015000,0,504810,1559367,2828,132793,,,,
1416383382.9799,pg_catalog,pg_cast,0,0,593751,140776,0,0,0,0,0,0,811,139965,496,610219,,,,
1416383382.9799,pg_catalog,pg_amop,0,0,159020,231739,0,0,0,0,0,0,1191,230548,2603,336273,,,,
1416383382.9799,pg_catalog,pg_user_mapping,0,0,0,0,0,0,0,0,0,0,0,0,0,0,,,,
1416383382.9799,pg_toast,pg_toast_12315,0,0,0,0,0,0,0,0,0,0,0,0,0,0,,,,
1416383382.9799,pg_catalog,pg_type,0,0,420025,415916,1085,0,1085,0,360,88,2751,417974,4069,863108,,,,
1416383382.9799,pg_catalog,pg_largeobject,0,0,0,0,0,0,0,0,0,0,0,0,0,0,,,,
1416383382.9799,information_schema,sql_parts,0,0,,,0,0,0,0,0,0,0,0,,,0,0,0,0
1416383382.9799,pg_catalog,pg_ts_config_map,0,0,0,0,0,0,0,0,0,0,0,0,0,0,,,,
1416383382.9799,pg_catalog,pg_largeobject_metadata,0,0,0,0,0,0,0,0,0,0,0,0,0,0,,,,
1416383382.9799,pg_catalog,pg_am,18387,18387,0,0,0,0,0,0,0,0,265,18122,0,0,,,,
1416383382.9799,pg_catalog,pg_ts_template,0,0,0,0,0,0,0,0,0,0,0,0,0,0,,,,
1416383382.9799,public,customer,10,9000000,28,28,1500000,0,0,0,1500000,0,68533,294885,10,114,,,,
1416383382.9799,pg_catalog,pg_foreign_server,0,0,0,0,0,0,0,0,0,0,0,0,0,0,,,,
1416383382.9799,pg_catalog,pg_namespace,726,61364,96677,79224,2,0,0,0,2,0,406,80273,1183,114248,,,,
1416383382.9799,pg_toast,pg_toast_2619,0,0,74505,248650,2802,0,2564,0,261,20,24089,97590,1021,105978,,,,
1416383382.9799,pg_catalog,pg_authid,409,409,35140,35140,0,0,0,0,0,0,227,35322,1044,69236,,,,
1416383382.9799,pg_catalog,pg_default_acl,0,0,2188,0,0,0,0,0,0,0,0,0,228,1960,,,,
1416383382.9799,pg_catalog,pg_shdepend,0,0,2962,549,0,0,0,0,0,0,247,302,929,3127,,,,
1416383382.9799,pg_catalog,pg_constraint,0,0,144,72,72,0,72,0,10,32,39,405,72,724,0,0,0,0
1416383382.9799,information_schema,sql_implementation_info,0,0,,,0,0,0,0,0,0,0,0,,,0,0,0,0
1416383382.9799,pg_catalog,pg_index,2599,234203,198650,281929,404,0,404,0,143,0,2410,284459,1312,227273,,,,
1416383382.9799,pg_catalog,pg_ts_dict,0,0,0,0,0,0,0,0,0,0,0,0,0,0,,,,
1416383382.9799,pg_toast,pg_toast_2604,0,0,0,0,0,0,0,0,0,0,0,0,0,0,,,,
1416383382.9799,public,lineitem,13,539874468,59,773977,60045669,0,0,0,60045710,0,8697332,4980727,109867,1305795,,,,
1416383382.9799,pg_toast,pg_toast_12325,0,0,0,0,0,0,0,0,0,0,0,0,0,0,,,,
1416383382.9799,information_schema,sql_sizing,0,0,,,0,0,0,0,0,0,0,0,,,0,0,0,0
1416383382.9799,pg_catalog,pg_proc,0,0,155849,230937,0,0,0,0,0,0,13385,154786,6521,338683,0,0,0,0
1416383442.98517,pg_catalog,pg_attrdef,0,0,0,0,0,0,0,0,0,0,0,0,0,0,0,0,0,0
1416383442.98517,pg_catalog,pg_db_role_setting,0,0,74040,0,0,0,0,0,0,0,0,0,228,73812,0,0,0,0
1416383442.98517,pg_catalog,pg_rowsecurity,0,0,0,0,0,0,0,0,0,0,0,0,0,0,,,,
1416383442.98517,pg_catalog,pg_description,0,0,2413,0,0,0,0,0,0,0,0,0,646,4727,0,0,0,0
1416383442.98517,pg_catalog,pg_foreign_data_wrapper,0,0,0,0,0,0,0,0,0,0,0,0,0,0,,,,
1416383442.98517,pg_catalog,pg_conversion,0,0,0,0,0,0,0,0,0,0,0,0,0,0,,,,
1416383442.98517,pg_catalog,pg_class,5518,1185073,434954,396627,951,305,951,295,337,66,5586,455023,3967,909858,,,,
1416383442.98517,pg_catalog,pg_opfamily,0,0,0,0,0,0,0,0,0,0,0,0,0,0,,,,
1416383442.98517,pg_catalog,pg_auth_members,0,0,0,0,0,0,0,0,0,0,0,0,0,0,,,,
1416383442.98517,pg_catalog,pg_operator,0,0,136358,717556,0,0,0,0,0,0,3841,496092,3357,295504,,,,
1416383442.98517,pg_toast,pg_toast_12345,0,0,0,0,0,0,0,0,0,0,0,0,0,0,,,,
1416383442.98517,pg_catalog,pg_attribute,1474,10050,358421,809377,3428,90,3428,90,2514,259,13789,397023,3268,748713,,,,
1416383442.98517,pg_catalog,pg_tablespace,0,0,12588,12588,0,0,0,0,0,0,368,12220,762,24466,,,,
1416383442.98517,pg_catalog,pg_statistic,0,0,99497,95944,743,2164,746,2039,464,71,9994,92449,1152,212501,24123,97629,1024,106084
1416383442.98517,pg_catalog,pg_aggregate,0,0,9499,9499,0,0,0,0,0,0,705,8794,1598,14956,,,,
1416383442.98517,pg_catalog,pg_inherits,0,0,547,0,0,0,0,0,0,0,0,0,224,323,,,,
1416383442.98517,pg_catalog,pg_enum,0,0,0,0,0,0,0,0,0,0,0,0,0,0,,,,
1416383442.98517,pg_toast,pg_toast_2396,0,0,0,0,0,0,0,0,0,0,0,0,0,0,,,,
1416383442.98517,pg_catalog,pg_pltemplate,0,0,0,0,0,0,0,0,0,0,0,0,0,0,,,,
1416383442.98517,pg_toast,pg_toast_2618,0,0,1742,5564,0,0,0,0,0,0,1007,1125,301,2507,,,,
1416383442.98517,pg_toast,pg_toast_3596,0,0,0,0,0,0,0,0,0,0,0,0,0,0,,,,
1416383442.98517,pg_toast,pg_toast_2606,0,0,0,0,0,0,0,0,0,0,0,0,0,0,,,,
1416383442.98517,pg_toast,pg_toast_2964,0,0,0,0,0,0,0,0,0,0,0,0,0,0,,,,
1416383442.98517,pg_toast,pg_toast_12330,0,0,0,0,0,0,0,0,0,0,0,0,0,0,,,,
1416383442.98517,pg_catalog,pg_database,1356,5208,60192,60192,0,0,0,0,0,0,169,61379,1019,96157,,,,
1416383442.98517,information_schema,sql_sizing_profiles,0,0,,,0,0,0,0,0,0,0,0,,,0,0,0,0
1416383442.98517,pg_toast,pg_toast_2620,0,0,0,0,0,0,0,0,0,0,0,0,0,0,,,,
1416383442.98517,pg_catalog,pg_depend,0,0,22657,24368,4163,0,4163,0,6685,147,4085,29204,5712,59002,,,,
1416383442.98517,pg_catalog,pg_language,0,0,0,0,0,0,0,0,0,0,0,0,0,0,,,,
1416383442.98517,public,region,6339,31670,12,12,5,0,0,0,5,0,2,6346,4,12,,,,
1416383442.98517,pg_toast,pg_toast_12320,0,0,0,0,0,0,0,0,0,0,0,0,0,0,,,,
1416383442.98517,pg_catalog,pg_amproc,268,536,77813,122594,0,0,0,0,0,0,374,76513,710,172916,,,,
1416383442.98517,pg_catalog,pg_collation,0,0,0,0,0,0,0,0,0,0,0,0,0,0,,,,
1416383442.98517,pg_catalog,pg_range,0,0,4273,0,0,0,0,0,0,0,0,0,1678,6868,,,,
1416383442.98517,pg_toast,pg_toast_2609,0,0,0,0,0,0,0,0,0,0,0,0,0,0,,,,
1416383442.98517,pg_catalog,pg_opclass,268,268,107159,1202438,0,0,0,0,0,0,860,477483,1724,130875,,,,
1416383442.98517,information_schema,sql_packages,0,0,,,0,0,0,0,0,0,0,0,,,0,0,0,0
1416383442.98517,public,part,10,16000000,47,2023618,2000000,0,0,0,2000000,0,138250,409552,5665,161,,,,
1416383442.98517,pg_catalog,pg_rewrite,0,0,4248,3333,305,0,305,0,110,46,2096,3782,981,6267,1007,1125,602,5014
1416383442.98517,pg_toast,pg_toast_1255,0,0,0,0,0,0,0,0,0,0,0,0,0,0,,,,
1416383442.98517,pg_catalog,pg_seclabel,0,0,2413,0,0,0,0,0,0,0,0,0,211,2202,0,0,0,0
1416383442.98517,public,time_statistics,8,43,,,10,8,0,8,10,8,3,23,,,,,,
1416383442.98517,pg_toast,pg_toast_12335,0,0,0,0,0,0,0,0,0,0,0,0,0,0,,,,
1416383442.98517,pg_catalog,pg_ts_parser,0,0,0,0,0,0,0,0,0,0,0,0,0,0,,,,
1416383442.98517,pg_catalog,pg_trigger,0,0,0,0,0,0,0,0,0,0,0,0,0,0,0,0,0,0
1416383442.98517,public,nation,16,125,25378,25378,25,0,0,0,25,0,3,25382,6,25384,,,,
1416383442.98517,public,partsupp,6,32000000,48086,1715998,8000000,0,0,0,8000000,0,639574,2461731,34166,115076,,,,
1416383442.98517,public,supplier,9,500000,3283547,3287625,100000,0,0,0,100000,0,4491,3301043,300,6585148,,,,
1416383442.98517,pg_toast,pg_toast_12340,0,0,0,0,0,0,0,0,0,0,0,0,0,0,,,,
1416383442.98517,pg_catalog,pg_shseclabel,0,0,0,0,0,0,0,0,0,0,0,0,0,0,,,,
1416383442.98517,pg_catalog,pg_event_trigger,0,0,889,0,0,0,0,0,0,0,0,0,247,642,,,,
1416383442.98517,information_schema,sql_features,0,0,,,0,0,0,0,0,0,0,0,,,0,0,0,0
1416383442.98517,information_schema,sql_languages,0,0,,,0,0,0,0,0,0,0,0,,,0,0,0,0
1416383442.98517,pg_catalog,pg_foreign_table,0,0,0,0,0,0,0,0,0,0,0,0,0,0,,,,
1416383442.98517,pg_catalog,pg_extension,0,0,0,0,0,0,0,0,0,0,0,0,0,0,,,,
1416383442.98517,pg_catalog,pg_ts_config,0,0,0,0,0,0,0,0,0,0,0,0,0,0,,,,
1416383442.98517,pg_catalog,pg_shdescription,0,0,0,0,0,0,0,0,0,0,0,0,0,0,0,0,0,0
1416383442.98517,public,orders,10,60000000,3258194,3258194,15015000,0,0,0,15015000,0,1044052,4278289,43914,9884193,,,,
1416383442.98517,pg_catalog,pg_cast,0,0,594199,140902,0,0,0,0,0,0,814,140088,498,610682,,,,
1416383442.98517,pg_catalog,pg_amop,0,0,159129,231899,0,0,0,0,0,0,1195,230704,2609,336505,,,,
1416383442.98517,pg_catalog,pg_user_mapping,0,0,0,0,0,0,0,0,0,0,0,0,0,0,,,,
1416383442.98517,pg_toast,pg_toast_12315,0,0,0,0,0,0,0,0,0,0,0,0,0,0,,,,
1416383442.98517,pg_catalog,pg_type,0,0,420446,416337,1085,0,1085,0,360,88,2755,418391,4077,863962,,,,
1416383442.98517,pg_catalog,pg_largeobject,0,0,0,0,0,0,0,0,0,0,0,0,0,0,,,,
1416383442.98517,information_schema,sql_parts,0,0,,,0,0,0,0,0,0,0,0,,,0,0,0,0
1416383442.98517,pg_catalog,pg_ts_config_map,0,0,0,0,0,0,0,0,0,0,0,0,0,0,,,,
1416383442.98517,pg_catalog,pg_largeobject_metadata,0,0,0,0,0,0,0,0,0,0,0,0,0,0,,,,
1416383442.98517,pg_catalog,pg_am,18404,18404,0,0,0,0,0,0,0,0,265,18139,0,0,,,,
1416383442.98517,pg_catalog,pg_ts_template,0,0,0,0,0,0,0,0,0,0,0,0,0,0,,,,
1416383442.98517,public,customer,10,9000000,28,28,1500000,0,0,0,1500000,0,68533,294885,10,114,,,,
1416383442.98517,pg_catalog,pg_foreign_server,0,0,0,0,0,0,0,0,0,0,0,0,0,0,,,,
1416383442.98517,pg_catalog,pg_namespace,728,61536,96870,79400,2,0,0,0,2,0,408,80451,1187,114456,,,,
1416383442.98517,pg_toast,pg_toast_2619,0,0,74556,248821,2802,0,2564,0,261,20,24123,97629,1024,106084,,,,
1416383442.98517,pg_catalog,pg_authid,410,410,35174,35174,0,0,0,0,0,0,228,35356,1048,69300,,,,
1416383442.98517,pg_catalog,pg_default_acl,0,0,2188,0,0,0,0,0,0,0,0,0,228,1960,,,,
1416383442.98517,pg_catalog,pg_shdepend,0,0,2962,549,0,0,0,0,0,0,247,302,929,3127,,,,
1416383442.98517,pg_catalog,pg_constraint,0,0,144,72,72,0,72,0,10,32,39,405,72,724,0,0,0,0
1416383442.98517,information_schema,sql_implementation_info,0,0,,,0,0,0,0,0,0,0,0,,,0,0,0,0
1416383442.98517,pg_catalog,pg_index,2604,234918,198793,282133,404,0,404,0,143,0,2416,284679,1314,227440,,,,
1416383442.98517,pg_catalog,pg_ts_dict,0,0,0,0,0,0,0,0,0,0,0,0,0,0,,,,
1416383442.98517,pg_toast,pg_toast_2604,0,0,0,0,0,0,0,0,0,0,0,0,0,0,,,,
1416383442.98517,public,lineitem,13,539874468,524788,25585930,60045669,0,0,0,60045710,0,10591029,19787378,263633,3355749,,,,
1416383442.98517,pg_toast,pg_toast_12325,0,0,0,0,0,0,0,0,0,0,0,0,0,0,,,,
1416383442.98517,information_schema,sql_sizing,0,0,,,0,0,0,0,0,0,0,0,,,0,0,0,0
1416383442.98517,pg_catalog,pg_proc,0,0,156020,231184,0,0,0,0,0,0,13408,154958,6538,339042,0,0,0,0
1416383502.98676,pg_catalog,pg_attrdef,0,0,0,0,0,0,0,0,0,0,0,0,0,0,0,0,0,0
1416383502.98676,pg_catalog,pg_db_role_setting,0,0,74092,0,0,0,0,0,0,0,0,0,228,73864,0,0,0,0
1416383502.98676,pg_catalog,pg_rowsecurity,0,0,0,0,0,0,0,0,0,0,0,0,0,0,,,,
1416383502.98676,pg_catalog,pg_description,0,0,2413,0,0,0,0,0,0,0,0,0,646,4727,0,0,0,0
1416383502.98676,pg_catalog,pg_foreign_data_wrapper,0,0,0,0,0,0,0,0,0,0,0,0,0,0,,,,
1416383502.98676,pg_catalog,pg_conversion,0,0,0,0,0,0,0,0,0,0,0,0,0,0,,,,
1416383502.98676,pg_catalog,pg_class,5528,1188123,435416,397075,951,305,951,295,337,66,5587,455601,3970,910805,,,,
1416383502.98676,pg_catalog,pg_opfamily,0,0,0,0,0,0,0,0,0,0,0,0,0,0,,,,
1416383502.98676,pg_catalog,pg_auth_members,0,0,0,0,0,0,0,0,0,0,0,0,0,0,,,,
1416383502.98676,pg_catalog,pg_operator,0,0,136417,717890,0,0,0,0,0,0,3841,496321,3357,295639,,,,
1416383502.98676,pg_toast,pg_toast_12345,0,0,0,0,0,0,0,0,0,0,0,0,0,0,,,,
1416383502.98676,pg_catalog,pg_attribute,1474,10050,358726,809945,3428,90,3428,90,2514,259,13795,397333,3268,749335,,,,
1416383502.98676,pg_catalog,pg_tablespace,0,0,12597,12597,0,0,0,0,0,0,368,12229,762,24484,,,,
1416383502.98676,pg_catalog,pg_statistic,0,0,99560,95995,743,2164,746,2039,464,71,10005,92489,1152,212636,24135,97654,1024,106147
1416383502.98676,pg_catalog,pg_aggregate,0,0,9502,9502,0,0,0,0,0,0,705,8797,1598,14962,,,,
1416383502.98676,pg_catalog,pg_inherits,0,0,547,0,0,0,0,0,0,0,0,0,224,323,,,,
1416383502.98676,pg_catalog,pg_enum,0,0,0,0,0,0,0,0,0,0,0,0,0,0,,,,
1416383502.98676,pg_toast,pg_toast_2396,0,0,0,0,0,0,0,0,0,0,0,0,0,0,,,,
1416383502.98676,pg_catalog,pg_pltemplate,0,0,0,0,0,0,0,0,0,0,0,0,0,0,,,,
1416383502.98676,pg_toast,pg_toast_2618,0,0,1747,5580,0,0,0,0,0,0,1012,1126,302,2514,,,,
1416383502.98676,pg_toast,pg_toast_3596,0,0,0,0,0,0,0,0,0,0,0,0,0,0,,,,
1416383502.98676,pg_toast,pg_toast_2606,0,0,0,0,0,0,0,0,0,0,0,0,0,0,,,,
1416383502.98676,pg_toast,pg_toast_2964,0,0,0,0,0,0,0,0,0,0,0,0,0,0,,,,
1416383502.98676,pg_toast,pg_toast_12330,0,0,0,0,0,0,0,0,0,0,0,0,0,0,,,,
1416383502.98676,pg_catalog,pg_database,1359,5220,60238,60238,0,0,0,0,0,0,169,61428,1019,96229,,,,
1416383502.98676,information_schema,sql_sizing_profiles,0,0,,,0,0,0,0,0,0,0,0,,,0,0,0,0
1416383502.98676,pg_toast,pg_toast_2620,0,0,0,0,0,0,0,0,0,0,0,0,0,0,,,,
1416383502.98676,pg_catalog,pg_depend,0,0,22657,24368,4163,0,4163,0,6685,147,4085,29204,5712,59002,,,,
1416383502.98676,pg_catalog,pg_language,0,0,0,0,0,0,0,0,0,0,0,0,0,0,,,,
1416383502.98676,public,region,6340,31675,14,14,5,0,0,0,5,0,3,6348,6,13,,,,
1416383502.98676,pg_toast,pg_toast_12320,0,0,0,0,0,0,0,0,0,0,0,0,0,0,,,,
1416383502.98676,pg_catalog,pg_amproc,268,536,77855,122658,0,0,0,0,0,0,374,76555,710,173010,,,,
1416383502.98676,pg_catalog,pg_collation,0,0,0,0,0,0,0,0,0,0,0,0,0,0,,,,
1416383502.98676,pg_catalog,pg_range,0,0,4276,0,0,0,0,0,0,0,0,0,1678,6874,,,,
1416383502.98676,pg_toast,pg_toast_2609,0,0,0,0,0,0,0,0,0,0,0,0,0,0,,,,
1416383502.98676,pg_catalog,pg_opclass,268,268,107211,1203062,0,0,0,0,0,0,860,477727,1724,130942,,,,
1416383502.98676,information_schema,sql_packages,0,0,,,0,0,0,0,0,0,0,0,,,0,0,0,0
1416383502.98676,public,part,10,16000000,52,2036890,2000000,0,0,0,2000000,0,149569,409567,5748,178,,,,
1416383502.98676,pg_catalog,pg_rewrite,0,0,4255,3340,305,0,305,0,110,46,2101,3784,981,6279,1012,1126,604,5028
1416383502.98676,pg_toast,pg_toast_1255,0,0,0,0,0,0,0,0,0,0,0,0,0,0,,,,
1416383502.98676,pg_catalog,pg_seclabel,0,0,2413,0,0,0,0,0,0,0,0,0,211,2202,0,0,0,0
1416383502.98676,public,time_statistics,10,64,,,12,10,0,10,12,10,3,29,,,,,,
1416383502.98676,pg_toast,pg_toast_12335,0,0,0,0,0,0,0,0,0,0,0,0,0,0,,,,
1416383502.98676,pg_catalog,pg_ts_parser,0,0,0,0,0,0,0,0,0,0,0,0,0,0,,,,
1416383502.98676,pg_catalog,pg_trigger,0,0,0,0,0,0,0,0,0,0,0,0,0,0,0,0,0,0
1416383502.98676,public,nation,18,175,25384,25384,25,0,0,0,25,0,4,25389,8,25389,,,,
1416383502.98676,public,partsupp,6,32000000,48086,1715998,8000000,0,0,0,8000000,0,639574,2461731,34166,115076,,,,
1416383502.98676,public,supplier,9,500000,3307481,3311559,100000,0,0,0,100000,0,6573,3322895,578,6632882,,,,
1416383502.98676,pg_toast,pg_toast_12340,0,0,0,0,0,0,0,0,0,0,0,0,0,0,,,,
1416383502.98676,pg_catalog,pg_shseclabel,0,0,0,0,0,0,0,0,0,0,0,0,0,0,,,,
1416383502.98676,pg_catalog,pg_event_trigger,0,0,889,0,0,0,0,0,0,0,0,0,247,642,,,,
1416383502.98676,information_schema,sql_features,0,0,,,0,0,0,0,0,0,0,0,,,0,0,0,0
1416383502.98676,information_schema,sql_languages,0,0,,,0,0,0,0,0,0,0,0,,,0,0,0,0
1416383502.98676,pg_catalog,pg_foreign_table,0,0,0,0,0,0,0,0,0,0,0,0,0,0,,,,
1416383502.98676,pg_catalog,pg_extension,0,0,0,0,0,0,0,0,0,0,0,0,0,0,,,,
1416383502.98676,pg_catalog,pg_ts_config,0,0,0,0,0,0,0,0,0,0,0,0,0,0,,,,
1416383502.98676,pg_catalog,pg_shdescription,0,0,0,0,0,0,0,0,0,0,0,0,0,0,0,0,0,0
1416383502.98676,public,orders,11,75015000,3656590,3378854,15015000,0,0,0,15015000,0,1301985,4394538,85117,11039587,,,,
1416383502.98676,pg_catalog,pg_cast,0,0,594561,140981,0,0,0,0,0,0,814,140167,498,611055,,,,
1416383502.98676,pg_catalog,pg_amop,0,0,159216,232024,0,0,0,0,0,0,1195,230829,2609,336693,,,,
1416383502.98676,pg_catalog,pg_user_mapping,0,0,0,0,0,0,0,0,0,0,0,0,0,0,,,,
1416383502.98676,pg_toast,pg_toast_12315,0,0,0,0,0,0,0,0,0,0,0,0,0,0,,,,
1416383502.98676,pg_catalog,pg_type,0,0,420726,416617,1085,0,1085,0,360,88,2755,418671,4081,864530,,,,
1416383502.98676,pg_catalog,pg_largeobject,0,0,0,0,0,0,0,0,0,0,0,0,0,0,,,,
1416383502.98676,information_schema,sql_parts,0,0,,,0,0,0,0,0,0,0,0,,,0,0,0,0
1416383502.98676,pg_catalog,pg_ts_config_map,0,0,0,0,0,0,0,0,0,0,0,0,0,0,,,,
1416383502.98676,pg_catalog,pg_largeobject_metadata,0,0,0,0,0,0,0,0,0,0,0,0,0,0,,,,
1416383502.98676,pg_catalog,pg_am,18414,18414,0,0,0,0,0,0,0,0,265,18149,0,0,,,,
1416383502.98676,pg_catalog,pg_ts_template,0,0,0,0,0,0,0,0,0,0,0,0,0,0,,,,
1416383502.98676,public,customer,11,10500000,41,300999,1500000,0,0,0,1500000,0,103811,440229,852,144,,,,
1416383502.98676,pg_catalog,pg_foreign_server,0,0,0,0,0,0,0,0,0,0,0,0,0,0,,,,
1416383502.98676,pg_catalog,pg_namespace,730,61708,97045,79564,2,0,0,0,2,0,409,80618,1188,114643,,,,
1416383502.98676,pg_toast,pg_toast_2619,0,0,74585,248906,2802,0,2564,0,261,20,24135,97654,1024,106147,,,,
1416383502.98676,pg_catalog,pg_authid,411,411,35196,35196,0,0,0,0,0,0,228,35379,1048,69344,,,,
1416383502.98676,pg_catalog,pg_default_acl,0,0,2188,0,0,0,0,0,0,0,0,0,228,1960,,,,
1416383502.98676,pg_catalog,pg_shdepend,0,0,2962,549,0,0,0,0,0,0,247,302,929,3127,,,,
1416383502.98676,pg_catalog,pg_constraint,0,0,144,72,72,0,72,0,10,32,39,405,72,724,0,0,0,0
1416383502.98676,information_schema,sql_implementation_info,0,0,,,0,0,0,0,0,0,0,0,,,0,0,0,0
1416383502.98676,pg_catalog,pg_index,2609,235633,198899,282284,404,0,404,0,143,0,2416,284852,1314,227563,,,,
1416383502.98676,pg_catalog,pg_ts_dict,0,0,0,0,0,0,0,0,0,0,0,0,0,0,,,,
1416383502.98676,pg_toast,pg_toast_2604,0,0,0,0,0,0,0,0,0,0,0,0,0,0,,,,
1416383502.98676,public,lineitem,15,659965806,538068,25984330,60045669,0,0,0,60045710,0,11197731,21712025,278920,3395657,,,,
1416383502.98676,pg_toast,pg_toast_12325,0,0,0,0,0,0,0,0,0,0,0,0,0,0,,,,
1416383502.98676,information_schema,sql_sizing,0,0,,,0,0,0,0,0,0,0,0,,,0,0,0,0
1416383502.98676,pg_catalog,pg_proc,0,0,156148,231368,0,0,0,0,0,0,13414,155104,6538,339320,0,0,0,0
1416383562.98905,pg_catalog,pg_attrdef,0,0,0,0,0,0,0,0,0,0,0,0,0,0,0,0,0,0
1416383562.98905,pg_catalog,pg_db_role_setting,0,0,74144,0,0,0,0,0,0,0,0,0,228,73916,0,0,0,0
1416383562.98905,pg_catalog,pg_rowsecurity,0,0,0,0,0,0,0,0,0,0,0,0,0,0,,,,
1416383562.98905,pg_catalog,pg_description,0,0,2413,0,0,0,0,0,0,0,0,0,646,4727,0,0,0,0
1416383562.98905,pg_catalog,pg_foreign_data_wrapper,0,0,0,0,0,0,0,0,0,0,0,0,0,0,,,,
1416383562.98905,pg_catalog,pg_conversion,0,0,0,0,0,0,0,0,0,0,0,0,0,0,,,,
1416383562.98905,pg_catalog,pg_class,5538,1191173,435847,397496,951,305,951,295,337,66,5588,456152,3972,911693,,,,
1416383562.98905,pg_catalog,pg_opfamily,0,0,0,0,0,0,0,0,0,0,0,0,0,0,,,,
1416383562.98905,pg_catalog,pg_auth_members,0,0,0,0,0,0,0,0,0,0,0,0,0,0,,,,
1416383562.98905,pg_catalog,pg_operator,0,0,136462,718057,0,0,0,0,0,0,3841,496438,3357,295745,,,,
1416383562.98905,pg_toast,pg_toast_12345,0,0,0,0,0,0,0,0,0,0,0,0,0,0,,,,
1416383562.98905,pg_catalog,pg_attribute,1474,10050,358999,810443,3428,90,3428,90,2514,259,13800,397614,3268,749895,,,,
1416383562.98905,pg_catalog,pg_tablespace,0,0,12606,12606,0,0,0,0,0,0,368,12238,762,24502,,,,
1416383562.98905,pg_catalog,pg_statistic,0,0,99610,96033,743,2164,746,2039,464,71,10014,92518,1152,212745,24146,97669,1024,106192
1416383562.98905,pg_catalog,pg_aggregate,0,0,9506,9506,0,0,0,0,0,0,705,8801,1598,14969,,,,
1416383562.98905,pg_catalog,pg_inherits,0,0,547,0,0,0,0,0,0,0,0,0,224,323,,,,
1416383562.98905,pg_catalog,pg_enum,0,0,0,0,0,0,0,0,0,0,0,0,0,0,,,,
1416383562.98905,pg_toast,pg_toast_2396,0,0,0,0,0,0,0,0,0,0,0,0,0,0,,,,
1416383562.98905,pg_catalog,pg_pltemplate,0,0,0,0,0,0,0,0,0,0,0,0,0,0,,,,
1416383562.98905,pg_toast,pg_toast_2618,0,0,1752,5596,0,0,0,0,0,0,1017,1127,303,2521,,,,
1416383562.98905,pg_toast,pg_toast_3596,0,0,0,0,0,0,0,0,0,0,0,0,0,0,,,,
1416383562.98905,pg_toast,pg_toast_2606,0,0,0,0,0,0,0,0,0,0,0,0,0,0,,,,
1416383562.98905,pg_toast,pg_toast_2964,0,0,0,0,0,0,0,0,0,0,0,0,0,0,,,,
1416383562.98905,pg_toast,pg_toast_12330,0,0,0,0,0,0,0,0,0,0,0,0,0,0,,,,
1416383562.98905,pg_catalog,pg_database,1362,5232,60285,60285,0,0,0,0,0,0,169,61478,1019,96302,,,,
1416383562.98905,information_schema,sql_sizing_profiles,0,0,,,0,0,0,0,0,0,0,0,,,0,0,0,0
1416383562.98905,pg_toast,pg_toast_2620,0,0,0,0,0,0,0,0,0,0,0,0,0,0,,,,
1416383562.98905,pg_catalog,pg_depend,0,0,22657,24368,4163,0,4163,0,6685,147,4085,29204,5712,59002,,,,
1416383562.98905,pg_catalog,pg_language,0,0,0,0,0,0,0,0,0,0,0,0,0,0,,,,
1416383562.98905,public,region,6340,31675,14,14,5,0,0,0,5,0,3,6348,6,13,,,,
1416383562.98905,pg_toast,pg_toast_12320,0,0,0,0,0,0,0,0,0,0,0,0,0,0,,,,
1416383562.98905,pg_catalog,pg_amproc,268,536,77896,122721,0,0,0,0,0,0,374,76595,710,173104,,,,
1416383562.98905,pg_catalog,pg_collation,0,0,0,0,0,0,0,0,0,0,0,0,0,0,,,,
1416383562.98905,pg_catalog,pg_range,0,0,4278,0,0,0,0,0,0,0,0,0,1680,6876,,,,
1416383562.98905,pg_toast,pg_toast_2609,0,0,0,0,0,0,0,0,0,0,0,0,0,0,,,,
1416383562.98905,pg_catalog,pg_opclass,268,268,107260,1203602,0,0,0,0,0,0,860,477940,1724,131008,,,,
1416383562.98905,information_schema,sql_packages,0,0,,,0,0,0,0,0,0,0,0,,,0,0,0,0
1416383562.98905,public,part,10,16000000,52,2036890,2000000,0,0,0,2000000,0,149569,409567,5748,178,,,,
1416383562.98905,pg_catalog,pg_rewrite,0,0,4262,3347,305,0,305,0,110,46,2106,3786,981,6291,1017,1127,606,5042
1416383562.98905,pg_toast,pg_toast_1255,0,0,0,0,0,0,0,0,0,0,0,0,0,0,,,,
1416383562.98905,pg_catalog,pg_seclabel,0,0,2413,0,0,0,0,0,0,0,0,0,211,2202,0,0,0,0
1416383562.98905,public,time_statistics,12,89,,,14,12,0,12,14,12,3,35,,,,,,
1416383562.98905,pg_toast,pg_toast_12335,0,0,0,0,0,0,0,0,0,0,0,0,0,0,,,,
1416383562.98905,pg_catalog,pg_ts_parser,0,0,0,0,0,0,0,0,0,0,0,0,0,0,,,,
1416383562.98905,pg_catalog,pg_trigger,0,0,0,0,0,0,0,0,0,0,0,0,0,0,0,0,0,0
1416383562.98905,public,nation,19,200,25386,25386,25,0,0,0,25,0,4,25392,8,25392,,,,
1416383562.98905,public,partsupp,6,32000000,48086,1715998,8000000,0,0,0,8000000,0,639574,2461731,34166,115076,,,,
1416383562.98905,public,supplier,9,500000,3307486,3315487,100000,0,0,0,100000,0,6573,3324752,590,6632893,,,,
1416383562.98905,pg_toast,pg_toast_12340,0,0,0,0,0,0,0,0,0,0,0,0,0,0,,,,
1416383562.98905,pg_catalog,pg_shseclabel,0,0,0,0,0,0,0,0,0,0,0,0,0,0,,,,
1416383562.98905,pg_catalog,pg_event_trigger,0,0,889,0,0,0,0,0,0,0,0,0,247,642,,,,
1416383562.98905,information_schema,sql_features,0,0,,,0,0,0,0,0,0,0,0,,,0,0,0,0
1416383562.98905,information_schema,sql_languages,0,0,,,0,0,0,0,0,0,0,0,,,0,0,0,0
1416383562.98905,pg_catalog,pg_foreign_table,0,0,0,0,0,0,0,0,0,0,0,0,0,0,,,,
1416383562.98905,pg_catalog,pg_extension,0,0,0,0,0,0,0,0,0,0,0,0,0,0,,,,
1416383562.98905,pg_catalog,pg_ts_config,0,0,0,0,0,0,0,0,0,0,0,0,0,0,,,,
1416383562.98905,pg_catalog,pg_shdescription,0,0,0,0,0,0,0,0,0,0,0,0,0,0,0,0,0,0
1416383562.98905,public,orders,12,90030000,5147619,4869883,15015000,0,0,0,15015000,0,1505406,5935668,85153,15520918,,,,
1416383562.98905,pg_catalog,pg_cast,0,0,594784,141044,0,0,0,0,0,0,814,140230,498,611289,,,,
1416383562.98905,pg_catalog,pg_amop,0,0,159292,232131,0,0,0,0,0,0,1195,230936,2609,336859,,,,
1416383562.98905,pg_catalog,pg_user_mapping,0,0,0,0,0,0,0,0,0,0,0,0,0,0,,,,
1416383562.98905,pg_toast,pg_toast_12315,0,0,0,0,0,0,0,0,0,0,0,0,0,0,,,,
1416383562.98905,pg_catalog,pg_type,0,0,420937,416826,1085,0,1085,0,360,88,2755,418880,4084,864961,,,,
1416383562.98905,pg_catalog,pg_largeobject,0,0,0,0,0,0,0,0,0,0,0,0,0,0,,,,
1416383562.98905,information_schema,sql_parts,0,0,,,0,0,0,0,0,0,0,0,,,0,0,0,0
1416383562.98905,pg_catalog,pg_ts_config_map,0,0,0,0,0,0,0,0,0,0,0,0,0,0,,,,
1416383562.98905,pg_catalog,pg_largeobject_metadata,0,0,0,0,0,0,0,0,0,0,0,0,0,0,,,,
1416383562.98905,pg_catalog,pg_am,18426,18426,0,0,0,0,0,0,0,0,265,18161,0,0,,,,
1416383562.98905,pg_catalog,pg_ts_template,0,0,0,0,0,0,0,0,0,0,0,0,0,0,,,,
1416383562.98905,public,customer,12,12000000,43,301001,1500000,0,0,0,1500000,0,126076,453244,861,146,,,,
1416383562.98905,pg_catalog,pg_foreign_server,0,0,0,0,0,0,0,0,0,0,0,0,0,0,,,,
1416383562.98905,pg_catalog,pg_namespace,732,61880,97219,79727,2,0,0,0,2,0,410,80784,1189,114829,,,,
1416383562.98905,pg_toast,pg_toast_2619,0,0,74605,248970,2802,0,2564,0,261,20,24146,97669,1024,106192,,,,
1416383562.98905,pg_catalog,pg_authid,412,412,35218,35218,0,0,0,0,0,0,228,35402,1048,69388,,,,
1416383562.98905,pg_catalog,pg_default_acl,0,0,2188,0,0,0,0,0,0,0,0,0,228,1960,,,,
1416383562.98905,pg_catalog,pg_shdepend,0,0,2962,549,0,0,0,0,0,0,247,302,929,3127,,,,
1416383562.98905,pg_catalog,pg_constraint,0,0,144,72,72,0,72,0,10,32,39,405,72,724,0,0,0,0
1416383562.98905,information_schema,sql_implementation_info,0,0,,,0,0,0,0,0,0,0,0,,,0,0,0,0
1416383562.98905,pg_catalog,pg_index,2614,236348,198984,282399,404,0,404,0,143,0,2416,284989,1314,227667,,,,
1416383562.98905,pg_catalog,pg_ts_dict,0,0,0,0,0,0,0,0,0,0,0,0,0,0,,,,
1416383562.98905,pg_toast,pg_toast_2604,0,0,0,0,0,0,0,0,0,0,0,0,0,0,,,,
1416383562.98905,public,lineitem,15,659965806,1951136,65716210,60045669,0,0,0,60045710,0,11989842,23502952,545651,8890067,,,,
1416383562.98905,pg_toast,pg_toast_12325,0,0,0,0,0,0,0,0,0,0,0,0,0,0,,,,
1416383562.98905,information_schema,sql_sizing,0,0,,,0,0,0,0,0,0,0,0,,,0,0,0,0
1416383562.98905,pg_catalog,pg_proc,0,0,156263,231520,0,0,0,0,0,0,13425,155228,6540,339570,0,0,0,0
1416383622.98963,pg_catalog,pg_attrdef,0,0,0,0,0,0,0,0,0,0,0,0,0,0,0,0,0,0
1416383622.98963,pg_catalog,pg_db_role_setting,0,0,74244,0,0,0,0,0,0,0,0,0,228,74016,0,0,0,0
1416383622.98963,pg_catalog,pg_rowsecurity,0,0,0,0,0,0,0,0,0,0,0,0,0,0,,,,
1416383622.98963,pg_catalog,pg_description,0,0,2417,0,0,0,0,0,0,0,0,0,649,4733,0,0,0,0
1416383622.98963,pg_catalog,pg_foreign_data_wrapper,0,0,0,0,0,0,0,0,0,0,0,0,0,0,,,,
1416383622.98963,pg_catalog,pg_conversion,0,0,0,0,0,0,0,0,0,0,0,0,0,0,,,,
1416383622.98963,pg_catalog,pg_class,5549,1194560,436467,398086,952,306,952,296,337,68,5591,456890,3976,912994,,,,
1416383622.98963,pg_catalog,pg_opfamily,0,0,0,0,0,0,0,0,0,0,0,0,0,0,,,,
1416383622.98963,pg_catalog,pg_auth_members,0,0,0,0,0,0,0,0,0,0,0,0,0,0,,,,
1416383622.98963,pg_catalog,pg_operator,0,0,136585,718706,0,0,0,0,0,0,3841,496883,3358,296026,,,,
1416383622.98963,pg_toast,pg_toast_12345,0,0,0,0,0,0,0,0,0,0,0,0,0,0,,,,
1416383622.98963,pg_catalog,pg_attribute,1474,10050,359453,811370,3430,90,3430,90,2514,260,13815,398089,3273,750838,,,,
1416383622.98963,pg_catalog,pg_tablespace,0,0,12623,12623,0,0,0,0,0,0,368,12255,762,24536,,,,
1416383622.98963,pg_catalog,pg_statistic,0,0,99711,96107,743,2164,746,2039,464,71,10019,92587,1153,212965,24187,97704,1024,106308
1416383622.98963,pg_catalog,pg_aggregate,0,0,9516,9516,0,0,0,0,0,0,705,8811,1598,14986,,,,
1416383622.98963,pg_catalog,pg_inherits,0,0,548,0,0,0,0,0,0,0,0,0,225,323,,,,
1416383622.98963,pg_catalog,pg_enum,0,0,0,0,0,0,0,0,0,0,0,0,0,0,,,,
1416383622.98963,pg_toast,pg_toast_2396,0,0,0,0,0,0,0,0,0,0,0,0,0,0,,,,
1416383622.98963,pg_catalog,pg_pltemplate,0,0,0,0,0,0,0,0,0,0,0,0,0,0,,,,
1416383622.98963,pg_toast,pg_toast_2618,0,0,1758,5614,0,0,0,0,0,0,1018,1133,303,2531,,,,
1416383622.98963,pg_toast,pg_toast_3596,0,0,0,0,0,0,0,0,0,0,0,0,0,0,,,,
1416383622.98963,pg_toast,pg_toast_2606,0,0,0,0,0,0,0,0,0,0,0,0,0,0,,,,
1416383622.98963,pg_toast,pg_toast_2964,0,0,0,0,0,0,0,0,0,0,0,0,0,0,,,,
1416383622.98963,pg_toast,pg_toast_12330,0,0,0,0,0,0,0,0,0,0,0,0,0,0,,,,
1416383622.98963,pg_catalog,pg_database,1365,5244,60368,60368,0,0,0,0,0,0,169,61564,1019,96435,,,,
1416383622.98963,information_schema,sql_sizing_profiles,0,0,,,0,0,0,0,0,0,0,0,,,0,0,0,0
1416383622.98963,pg_toast,pg_toast_2620,0,0,0,0,0,0,0,0,0,0,0,0,0,0,,,,
1416383622.98963,pg_catalog,pg_depend,0,0,22701,24420,4172,0,4172,0,6685,156,4100,29251,5733,59107,,,,
1416383622.98963,pg_catalog,pg_language,0,0,0,0,0,0,0,0,0,0,0,0,0,0,,,,
1416383622.98963,public,region,6340,31675,14,14,5,0,0,0,5,0,3,6348,6,13,,,,
1416383622.98963,pg_toast,pg_toast_12320,0,0,0,0,0,0,0,0,0,0,0,0,0,0,,,,
1416383622.98963,pg_catalog,pg_amproc,268,536,77991,122865,0,0,0,0,0,0,374,76688,710,173321,,,,
1416383622.98963,pg_catalog,pg_collation,0,0,0,0,0,0,0,0,0,0,0,0,0,0,,,,
1416383622.98963,pg_catalog,pg_range,0,0,4284,0,0,0,0,0,0,0,0,0,1680,6888,,,,
1416383622.98963,pg_toast,pg_toast_2609,0,0,0,0,0,0,0,0,0,0,0,0,0,0,,,,
1416383622.98963,pg_catalog,pg_opclass,268,268,107376,1204938,0,0,0,0,0,0,860,478472,1724,131161,,,,
1416383622.98963,information_schema,sql_packages,0,0,,,0,0,0,0,0,0,0,0,,,0,0,0,0
1416383622.98963,public,part,10,16000000,62,2357014,2000000,0,0,0,2000000,0,190085,409569,6643,193,,,,
1416383622.98963,pg_catalog,pg_rewrite,0,0,4277,3359,306,0,306,0,110,47,2111,3799,983,6315,1018,1133,606,5062
1416383622.98963,pg_toast,pg_toast_1255,0,0,0,0,0,0,0,0,0,0,0,0,0,0,,,,
1416383622.98963,pg_catalog,pg_seclabel,0,0,2417,0,0,0,0,0,0,0,0,0,212,2205,0,0,0,0
1416383622.98963,public,time_statistics,18,188,,,20,18,0,18,20,18,3,53,,,,,,
1416383622.98963,pg_toast,pg_toast_12335,0,0,0,0,0,0,0,0,0,0,0,0,0,0,,,,
1416383622.98963,pg_catalog,pg_ts_parser,0,0,0,0,0,0,0,0,0,0,0,0,0,0,,,,
1416383622.98963,pg_catalog,pg_trigger,0,0,0,0,0,0,0,0,0,0,0,0,0,0,0,0,0,0
1416383622.98963,public,nation,21,250,25390,25390,25,0,0,0,25,0,5,25397,10,25395,,,,
1416383622.98963,public,partsupp,7,40000000,56042,2351688,8000000,0,0,0,8000000,0,852775,3055178,38666,136172,,,,
1416383622.98963,public,supplier,9,500000,3307498,3391489,100000,0,0,0,100000,0,9221,3327552,798,6632924,,,,
1416383622.98963,pg_toast,pg_toast_12340,0,0,0,0,0,0,0,0,0,0,0,0,0,0,,,,
1416383622.98963,pg_catalog,pg_shseclabel,0,0,0,0,0,0,0,0,0,0,0,0,0,0,,,,
1416383622.98963,pg_catalog,pg_event_trigger,0,0,890,0,0,0,0,0,0,0,0,0,248,642,,,,
1416383622.98963,information_schema,sql_features,0,0,,,0,0,0,0,0,0,0,0,,,0,0,0,0
1416383622.98963,information_schema,sql_languages,0,0,,,0,0,0,0,0,0,0,0,,,0,0,0,0
1416383622.98963,pg_catalog,pg_foreign_table,0,0,0,0,0,0,0,0,0,0,0,0,0,0,,,,
1416383622.98963,pg_catalog,pg_extension,0,0,0,0,0,0,0,0,0,0,0,0,0,0,,,,
1416383622.98963,pg_catalog,pg_ts_config,0,0,0,0,0,0,0,0,0,0,0,0,0,0,,,,
1416383622.98963,pg_catalog,pg_shdescription,0,0,0,0,0,0,0,0,0,0,0,0,0,0,0,0,0,0
1416383622.98963,public,orders,14,120060000,5147624,5443568,15015000,0,0,0,15015000,0,1505406,6671053,86722,15520939,,,,
1416383622.98963,pg_catalog,pg_cast,0,0,595475,141205,0,0,0,0,0,0,814,140391,498,612005,,,,
1416383622.98963,pg_catalog,pg_amop,0,0,159463,232380,0,0,0,0,0,0,1195,231185,2610,337230,,,,
1416383622.98963,pg_catalog,pg_user_mapping,0,0,0,0,0,0,0,0,0,0,0,0,0,0,,,,
1416383622.98963,pg_toast,pg_toast_12315,0,0,0,0,0,0,0,0,0,0,0,0,0,0,,,,
1416383622.98963,pg_catalog,pg_type,0,0,421499,417381,1087,0,1087,0,360,90,2760,419439,4087,866119,,,,
1416383622.98963,pg_catalog,pg_largeobject,0,0,0,0,0,0,0,0,0,0,0,0,0,0,,,,
1416383622.98963,information_schema,sql_parts,0,0,,,0,0,0,0,0,0,0,0,,,0,0,0,0
1416383622.98963,pg_catalog,pg_ts_config_map,0,0,0,0,0,0,0,0,0,0,0,0,0,0,,,,
1416383622.98963,pg_catalog,pg_largeobject_metadata,0,0,0,0,0,0,0,0,0,0,0,0,0,0,,,,
1416383622.98963,pg_catalog,pg_am,18453,18453,0,0,0,0,0,0,0,0,265,18188,0,0,,,,
1416383622.98963,pg_catalog,pg_ts_template,0,0,0,0,0,0,0,0,0,0,0,0,0,0,,,,
1416383622.98963,public,customer,12,12000000,64,1174492,1500000,0,0,0,1500000,0,126076,558978,3612,187,,,,
1416383622.98963,pg_catalog,pg_foreign_server,0,0,0,0,0,0,0,0,0,0,0,0,0,0,,,,
1416383622.98963,pg_catalog,pg_namespace,734,62052,97434,79917,2,0,0,0,2,0,410,80978,1189,115072,,,,
1416383622.98963,pg_toast,pg_toast_2619,0,0,74658,249151,2802,0,2564,0,261,20,24187,97704,1024,106308,,,,
1416383622.98963,pg_catalog,pg_authid,413,413,35264,35264,0,0,0,0,0,0,228,35449,1048,69480,,,,
1416383622.98963,pg_catalog,pg_default_acl,0,0,2192,0,0,0,0,0,0,0,0,0,229,1963,,,,
1416383622.98963,pg_catalog,pg_shdepend,0,0,2967,550,0,0,0,0,0,0,248,302,933,3130,,,,
1416383622.98963,pg_catalog,pg_constraint,0,0,144,72,72,0,72,0,10,32,39,405,72,724,0,0,0,0
1416383622.98963,information_schema,sql_implementation_info,0,0,,,0,0,0,0,0,0,0,0,,,0,0,0,0
1416383622.98963,pg_catalog,pg_index,2619,237063,199168,282653,404,0,404,0,143,0,2416,285256,1314,227891,,,,
1416383622.98963,pg_catalog,pg_ts_dict,0,0,0,0,0,0,0,0,0,0,0,0,0,0,,,,
1416383622.98963,pg_toast,pg_toast_2604,0,0,0,0,0,0,0,0,0,0,0,0,0,0,,,,
1416383622.98963,public,lineitem,16,720011475,2524823,70737154,60045669,0,0,0,60045710,0,13941031,24449632,661331,11082983,,,,
1416383622.98963,pg_toast,pg_toast_12325,0,0,0,0,0,0,0,0,0,0,0,0,0,0,,,,
1416383622.98963,information_schema,sql_sizing,0,0,,,0,0,0,0,0,0,0,0,,,0,0,0,0
1416383622.98963,pg_catalog,pg_proc,0,0,156477,231843,0,0,0,0,0,0,13434,155465,6545,340043,0,0,0,0
1416383682.99449,pg_catalog,pg_attrdef,0,0,0,0,0,0,0,0,0,0,0,0,0,0,0,0,0,0
1416383682.99449,pg_catalog,pg_db_role_setting,0,0,74272,0,0,0,0,0,0,0,0,0,228,74044,0,0,0,0
1416383682.99449,pg_catalog,pg_rowsecurity,0,0,0,0,0,0,0,0,0,0,0,0,0,0,,,,
1416383682.99449,pg_catalog,pg_description,0,0,2417,0,0,0,0,0,0,0,0,0,649,4733,0,0,0,0
1416383682.99449,pg_catalog,pg_foreign_data_wrapper,0,0,0,0,0,0,0,0,0,0,0,0,0,0,,,,
1416383682.99449,pg_catalog,pg_conversion,0,0,0,0,0,0,0,0,0,0,0,0,0,0,,,,
1416383682.99449,pg_catalog,pg_class,5558,1197273,436794,398413,952,306,952,296,337,68,5592,457334,3977,913657,,,,
1416383682.99449,pg_catalog,pg_opfamily,0,0,0,0,0,0,0,0,0,0,0,0,0,0,,,,
1416383682.99449,pg_catalog,pg_auth_members,0,0,0,0,0,0,0,0,0,0,0,0,0,0,,,,
1416383682.99449,pg_catalog,pg_operator,0,0,136599,718720,0,0,0,0,0,0,3841,496897,3358,296059,,,,
1416383682.99449,pg_toast,pg_toast_12345,0,0,0,0,0,0,0,0,0,0,0,0,0,0,,,,
1416383682.99449,pg_catalog,pg_attribute,1474,10050,359624,811626,3430,90,3430,90,2514,260,13822,398257,3273,751183,,,,
1416383682.99449,pg_catalog,pg_tablespace,0,0,12628,12628,0,0,0,0,0,0,368,12260,762,24546,,,,
1416383682.99449,pg_catalog,pg_statistic,0,0,99729,96121,743,2164,746,2039,464,71,10023,92597,1154,213003,24187,97706,1024,106314
1416383682.99449,pg_catalog,pg_aggregate,0,0,9517,9517,0,0,0,0,0,0,705,8812,1598,14988,,,,
1416383682.99449,pg_catalog,pg_inherits,0,0,548,0,0,0,0,0,0,0,0,0,225,323,,,,
1416383682.99449,pg_catalog,pg_enum,0,0,0,0,0,0,0,0,0,0,0,0,0,0,,,,
1416383682.99449,pg_toast,pg_toast_2396,0,0,0,0,0,0,0,0,0,0,0,0,0,0,,,,
1416383682.99449,pg_catalog,pg_pltemplate,0,0,0,0,0,0,0,0,0,0,0,0,0,0,,,,
1416383682.99449,pg_toast,pg_toast_2618,0,0,1762,5628,0,0,0,0,0,0,1022,1134,305,2535,,,,
1416383682.99449,pg_toast,pg_toast_3596,0,0,0,0,0,0,0,0,0,0,0,0,0,0,,,,
1416383682.99449,pg_toast,pg_toast_2606,0,0,0,0,0,0,0,0,0,0,0,0,0,0,,,,
1416383682.99449,pg_toast,pg_toast_2964,0,0,0,0,0,0,0,0,0,0,0,0,0,0,,,,
1416383682.99449,pg_toast,pg_toast_12330,0,0,0,0,0,0,0,0,0,0,0,0,0,0,,,,
1416383682.99449,pg_catalog,pg_database,1368,5256,60397,60397,0,0,0,0,0,0,169,61596,1019,96478,,,,
1416383682.99449,information_schema,sql_sizing_profiles,0,0,,,0,0,0,0,0,0,0,0,,,0,0,0,0
1416383682.99449,pg_toast,pg_toast_2620,0,0,0,0,0,0,0,0,0,0,0,0,0,0,,,,
1416383682.99449,pg_catalog,pg_depend,0,0,22701,24420,4172,0,4172,0,6685,156,4100,29251,5733,59107,,,,
1416383682.99449,pg_catalog,pg_language,0,0,0,0,0,0,0,0,0,0,0,0,0,0,,,,
1416383682.99449,public,region,6340,31675,14,14,5,0,0,0,5,0,3,6348,6,13,,,,
1416383682.99449,pg_toast,pg_toast_12320,0,0,0,0,0,0,0,0,0,0,0,0,0,0,,,,
1416383682.99449,pg_catalog,pg_amproc,268,536,77999,122878,0,0,0,0,0,0,374,76696,710,173340,,,,
1416383682.99449,pg_catalog,pg_collation,0,0,0,0,0,0,0,0,0,0,0,0,0,0,,,,
1416383682.99449,pg_catalog,pg_range,0,0,4284,0,0,0,0,0,0,0,0,0,1680,6888,,,,
1416383682.99449,pg_toast,pg_toast_2609,0,0,0,0,0,0,0,0,0,0,0,0,0,0,,,,
1416383682.99449,pg_catalog,pg_opclass,268,268,107385,1205033,0,0,0,0,0,0,860,478505,1724,131175,,,,
1416383682.99449,information_schema,sql_packages,0,0,,,0,0,0,0,0,0,0,0,,,0,0,0,0
1416383682.99449,public,part,10,16000000,62,2357014,2000000,0,0,0,2000000,0,190085,409569,6643,193,,,,
1416383682.99449,pg_catalog,pg_rewrite,0,0,4282,3364,306,0,306,0,110,47,2115,3800,984,6322,1022,1134,610,5070
1416383682.99449,pg_toast,pg_toast_1255,0,0,0,0,0,0,0,0,0,0,0,0,0,0,,,,
1416383682.99449,pg_catalog,pg_seclabel,0,0,2417,0,0,0,0,0,0,0,0,0,212,2205,0,0,0,0
1416383682.99449,public,time_statistics,18,188,,,20,18,0,18,20,18,3,53,,,,,,
1416383682.99449,pg_toast,pg_toast_12335,0,0,0,0,0,0,0,0,0,0,0,0,0,0,,,,
1416383682.99449,pg_catalog,pg_ts_parser,0,0,0,0,0,0,0,0,0,0,0,0,0,0,,,,
1416383682.99449,pg_catalog,pg_trigger,0,0,0,0,0,0,0,0,0,0,0,0,0,0,0,0,0,0
1416383682.99449,public,nation,21,250,25390,25390,25,0,0,0,25,0,5,25397,10,25395,,,,
1416383682.99449,public,partsupp,7,40000000,56042,2351688,8000000,0,0,0,8000000,0,852775,3055178,38666,136172,,,,
1416383682.99449,public,supplier,9,500000,3307498,3391489,100000,0,0,0,100000,0,9221,3327552,798,6632924,,,,
1416383682.99449,pg_toast,pg_toast_12340,0,0,0,0,0,0,0,0,0,0,0,0,0,0,,,,
1416383682.99449,pg_catalog,pg_shseclabel,0,0,0,0,0,0,0,0,0,0,0,0,0,0,,,,
1416383682.99449,pg_catalog,pg_event_trigger,0,0,890,0,0,0,0,0,0,0,0,0,248,642,,,,
1416383682.99449,information_schema,sql_features,0,0,,,0,0,0,0,0,0,0,0,,,0,0,0,0
1416383682.99449,information_schema,sql_languages,0,0,,,0,0,0,0,0,0,0,0,,,0,0,0,0
1416383682.99449,pg_catalog,pg_foreign_table,0,0,0,0,0,0,0,0,0,0,0,0,0,0,,,,
1416383682.99449,pg_catalog,pg_extension,0,0,0,0,0,0,0,0,0,0,0,0,0,0,,,,
1416383682.99449,pg_catalog,pg_ts_config,0,0,0,0,0,0,0,0,0,0,0,0,0,0,,,,
1416383682.99449,pg_catalog,pg_shdescription,0,0,0,0,0,0,0,0,0,0,0,0,0,0,0,0,0,0
1416383682.99449,public,orders,14,120060000,5147624,5443568,15015000,0,0,0,15015000,0,1505406,6671053,86722,15520939,,,,
1416383682.99449,pg_catalog,pg_cast,0,0,595508,141222,0,0,0,0,0,0,814,140408,498,612041,,,,
1416383682.99449,pg_catalog,pg_amop,0,0,159480,232401,0,0,0,0,0,0,1195,231206,2610,337268,,,,
1416383682.99449,pg_catalog,pg_user_mapping,0,0,0,0,0,0,0,0,0,0,0,0,0,0,,,,
1416383682.99449,pg_toast,pg_toast_12315,0,0,0,0,0,0,0,0,0,0,0,0,0,0,,,,
1416383682.99449,pg_catalog,pg_type,0,0,421555,417437,1087,0,1087,0,360,90,2760,419495,4087,866234,,,,
1416383682.99449,pg_catalog,pg_largeobject,0,0,0,0,0,0,0,0,0,0,0,0,0,0,,,,
1416383682.99449,information_schema,sql_parts,0,0,,,0,0,0,0,0,0,0,0,,,0,0,0,0
1416383682.99449,pg_catalog,pg_ts_config_map,0,0,0,0,0,0,0,0,0,0,0,0,0,0,,,,
1416383682.99449,pg_catalog,pg_largeobject_metadata,0,0,0,0,0,0,0,0,0,0,0,0,0,0,,,,
1416383682.99449,pg_catalog,pg_am,18456,18456,0,0,0,0,0,0,0,0,265,18191,0,0,,,,
1416383682.99449,pg_catalog,pg_ts_template,0,0,0,0,0,0,0,0,0,0,0,0,0,0,,,,
1416383682.99449,public,customer,12,12000000,64,1174492,1500000,0,0,0,1500000,0,126076,558978,3612,187,,,,
1416383682.99449,pg_catalog,pg_foreign_server,0,0,0,0,0,0,0,0,0,0,0,0,0,0,,,,
1416383682.99449,pg_catalog,pg_namespace,736,62224,97586,80066,2,0,0,0,2,0,411,81130,1191,115227,,,,
1416383682.99449,pg_toast,pg_toast_2619,0,0,74660,249155,2802,0,2564,0,261,20,24187,97706,1024,106314,,,,
1416383682.99449,pg_catalog,pg_authid,414,414,35274,35274,0,0,0,0,0,0,228,35460,1048,69500,,,,
1416383682.99449,pg_catalog,pg_default_acl,0,0,2192,0,0,0,0,0,0,0,0,0,229,1963,,,,
1416383682.99449,pg_catalog,pg_shdepend,0,0,2967,550,0,0,0,0,0,0,248,302,933,3130,,,,
1416383682.99449,pg_catalog,pg_constraint,0,0,144,72,72,0,72,0,10,32,39,405,72,724,0,0,0,0
1416383682.99449,information_schema,sql_implementation_info,0,0,,,0,0,0,0,0,0,0,0,,,0,0,0,0
1416383682.99449,pg_catalog,pg_index,2624,237778,199199,282693,404,0,404,0,143,0,2416,285322,1314,227928,,,,
1416383682.99449,pg_catalog,pg_ts_dict,0,0,0,0,0,0,0,0,0,0,0,0,0,0,,,,
1416383682.99449,pg_toast,pg_toast_2604,0,0,0,0,0,0,0,0,0,0,0,0,0,0,,,,
1416383682.99449,public,lineitem,16,720011475,2524823,70737154,60045669,0,0,0,60045710,0,13941031,24449632,661331,11082983,,,,
1416383682.99449,pg_toast,pg_toast_12325,0,0,0,0,0,0,0,0,0,0,0,0,0,0,,,,
1416383682.99449,information_schema,sql_sizing,0,0,,,0,0,0,0,0,0,0,0,,,0,0,0,0
1416383682.99449,pg_catalog,pg_proc,0,0,156543,231930,0,0,0,0,0,0,13437,155540,6545,340181,0,0,0,0
1416383742.99469,pg_catalog,pg_attrdef,0,0,0,0,0,0,0,0,0,0,0,0,0,0,0,0,0,0
1416383742.99469,pg_catalog,pg_db_role_setting,0,0,74348,0,0,0,0,0,0,0,0,0,228,74120,0,0,0,0
1416383742.99469,pg_catalog,pg_rowsecurity,0,0,0,0,0,0,0,0,0,0,0,0,0,0,,,,
1416383742.99469,pg_catalog,pg_description,0,0,2417,0,0,0,0,0,0,0,0,0,649,4733,0,0,0,0
1416383742.99469,pg_catalog,pg_foreign_data_wrapper,0,0,0,0,0,0,0,0,0,0,0,0,0,0,,,,
1416383742.99469,pg_catalog,pg_conversion,0,0,0,0,0,0,0,0,0,0,0,0,0,0,,,,
1416383742.99469,pg_catalog,pg_class,5568,1200323,437337,398935,952,306,952,296,337,68,5592,457987,3978,914786,,,,
1416383742.99469,pg_catalog,pg_opfamily,0,0,0,0,0,0,0,0,0,0,0,0,0,0,,,,
1416383742.99469,pg_catalog,pg_auth_members,0,0,0,0,0,0,0,0,0,0,0,0,0,0,,,,
1416383742.99469,pg_catalog,pg_operator,0,0,136708,719387,0,0,0,0,0,0,3841,497352,3360,296300,,,,
1416383742.99469,pg_toast,pg_toast_12345,0,0,0,0,0,0,0,0,0,0,0,0,0,0,,,,
1416383742.99469,pg_catalog,pg_attribute,1474,10050,360023,812400,3430,90,3430,90,2514,260,13827,398673,3273,752006,,,,
1416383742.99469,pg_catalog,pg_tablespace,0,0,12641,12641,0,0,0,0,0,0,368,12273,762,24572,,,,
1416383742.99469,pg_catalog,pg_statistic,0,0,99824,96196,743,2164,746,2039,464,71,10029,92666,1154,213207,24214,97741,1024,106405
1416383742.99469,pg_catalog,pg_aggregate,0,0,9525,9525,0,0,0,0,0,0,705,8820,1598,15001,,,,
1416383742.99469,pg_catalog,pg_inherits,0,0,548,0,0,0,0,0,0,0,0,0,225,323,,,,
1416383742.99469,pg_catalog,pg_enum,0,0,0,0,0,0,0,0,0,0,0,0,0,0,,,,
1416383742.99469,pg_toast,pg_toast_2396,0,0,0,0,0,0,0,0,0,0,0,0,0,0,,,,
1416383742.99469,pg_catalog,pg_pltemplate,0,0,0,0,0,0,0,0,0,0,0,0,0,0,,,,
1416383742.99469,pg_toast,pg_toast_2618,0,0,1768,5646,0,0,0,0,0,0,1023,1140,305,2545,,,,
1416383742.99469,pg_toast,pg_toast_3596,0,0,0,0,0,0,0,0,0,0,0,0,0,0,,,,
1416383742.99469,pg_toast,pg_toast_2606,0,0,0,0,0,0,0,0,0,0,0,0,0,0,,,,
1416383742.99469,pg_toast,pg_toast_2964,0,0,0,0,0,0,0,0,0,0,0,0,0,0,,,,
1416383742.99469,pg_toast,pg_toast_12330,0,0,0,0,0,0,0,0,0,0,0,0,0,0,,,,
1416383742.99469,pg_catalog,pg_database,1371,5268,60462,60462,0,0,0,0,0,0,169,61664,1019,96581,,,,
1416383742.99469,information_schema,sql_sizing_profiles,0,0,,,0,0,0,0,0,0,0,0,,,0,0,0,0
1416383742.99469,pg_toast,pg_toast_2620,0,0,0,0,0,0,0,0,0,0,0,0,0,0,,,,
1416383742.99469,pg_catalog,pg_depend,0,0,22701,24420,4172,0,4172,0,6685,156,4100,29251,5733,59107,,,,
1416383742.99469,pg_catalog,pg_language,0,0,0,0,0,0,0,0,0,0,0,0,0,0,,,,
1416383742.99469,public,region,6341,31680,16,16,5,0,0,0,5,0,4,6350,8,14,,,,
1416383742.99469,pg_toast,pg_toast_12320,0,0,0,0,0,0,0,0,0,0,0,0,0,0,,,,
1416383742.99469,pg_catalog,pg_amproc,268,536,78066,122985,0,0,0,0,0,0,374,76762,710,173495,,,,
1416383742.99469,pg_catalog,pg_collation,0,0,0,0,0,0,0,0,0,0,0,0,0,0,,,,
1416383742.99469,pg_catalog,pg_range,0,0,4288,0,0,0,0,0,0,0,0,0,1680,6896,,,,
1416383742.99469,pg_toast,pg_toast_2609,0,0,0,0,0,0,0,0,0,0,0,0,0,0,,,,
1416383742.99469,pg_catalog,pg_opclass,268,268,107472,1205978,0,0,0,0,0,0,860,478880,1724,131290,,,,
1416383742.99469,information_schema,sql_packages,0,0,,,0,0,0,0,0,0,0,0,,,0,0,0,0
1416383742.99469,public,part,10,16000000,78,2367294,2000000,0,0,0,2000000,0,199143,409569,7916,753,,,,
1416383742.99469,pg_catalog,pg_rewrite,0,0,4290,3372,306,0,306,0,110,47,2115,3808,984,6336,1023,1140,610,5090
1416383742.99469,pg_toast,pg_toast_1255,0,0,0,0,0,0,0,0,0,0,0,0,0,0,,,,
1416383742.99469,pg_catalog,pg_seclabel,0,0,2417,0,0,0,0,0,0,0,0,0,212,2205,0,0,0,0
1416383742.99469,public,time_statistics,22,274,,,24,22,0,22,24,22,3,65,,,,,,
1416383742.99469,pg_toast,pg_toast_12335,0,0,0,0,0,0,0,0,0,0,0,0,0,0,,,,
1416383742.99469,pg_catalog,pg_ts_parser,0,0,0,0,0,0,0,0,0,0,0,0,0,0,,,,
1416383742.99469,pg_catalog,pg_trigger,0,0,0,0,0,0,0,0,0,0,0,0,0,0,0,0,0,0
1416383742.99469,public,nation,22,275,25401,25425,25,0,0,0,25,0,5,25409,12,25406,,,,
1416383742.99469,public,partsupp,7,40000000,56042,2351688,8000000,0,0,0,8000000,0,852775,3055178,38666,136172,,,,
1416383742.99469,public,supplier,10,600000,3307502,3391493,100000,0,0,0,100000,0,11285,3327671,802,6632931,,,,
1416383742.99469,pg_toast,pg_toast_12340,0,0,0,0,0,0,0,0,0,0,0,0,0,0,,,,
1416383742.99469,pg_catalog,pg_shseclabel,0,0,0,0,0,0,0,0,0,0,0,0,0,0,,,,
1416383742.99469,pg_catalog,pg_event_trigger,0,0,890,0,0,0,0,0,0,0,0,0,248,642,,,,
1416383742.99469,information_schema,sql_features,0,0,,,0,0,0,0,0,0,0,0,,,0,0,0,0
1416383742.99469,information_schema,sql_languages,0,0,,,0,0,0,0,0,0,0,0,,,0,0,0,0
1416383742.99469,pg_catalog,pg_foreign_table,0,0,0,0,0,0,0,0,0,0,0,0,0,0,,,,
1416383742.99469,pg_catalog,pg_extension,0,0,0,0,0,0,0,0,0,0,0,0,0,0,,,,
1416383742.99469,pg_catalog,pg_ts_config,0,0,0,0,0,0,0,0,0,0,0,0,0,0,,,,
1416383742.99469,pg_catalog,pg_shdescription,0,0,0,0,0,0,0,0,0,0,0,0,0,0,0,0,0,0
1416383742.99469,public,orders,14,120060000,5147632,8295618,15015000,0,0,0,15015000,0,1910999,6747095,94525,15520951,,,,
1416383742.99469,pg_catalog,pg_cast,0,0,596014,141341,0,0,0,0,0,0,814,140527,498,612565,,,,
1416383742.99469,pg_catalog,pg_amop,0,0,159615,232598,0,0,0,0,0,0,1195,231403,2612,337558,,,,
1416383742.99469,pg_catalog,pg_user_mapping,0,0,0,0,0,0,0,0,0,0,0,0,0,0,,,,
1416383742.99469,pg_toast,pg_toast_12315,0,0,0,0,0,0,0,0,0,0,0,0,0,0,,,,
1416383742.99469,pg_catalog,pg_type,0,0,421983,417865,1087,0,1087,0,360,90,2760,419923,4088,867110,,,,
1416383742.99469,pg_catalog,pg_largeobject,0,0,0,0,0,0,0,0,0,0,0,0,0,0,,,,
1416383742.99469,information_schema,sql_parts,0,0,,,0,0,0,0,0,0,0,0,,,0,0,0,0
1416383742.99469,pg_catalog,pg_ts_config_map,0,0,0,0,0,0,0,0,0,0,0,0,0,0,,,,
1416383742.99469,pg_catalog,pg_largeobject_metadata,0,0,0,0,0,0,0,0,0,0,0,0,0,0,,,,
1416383742.99469,pg_catalog,pg_am,18477,18477,0,0,0,0,0,0,0,0,265,18212,0,0,,,,
1416383742.99469,pg_catalog,pg_ts_template,0,0,0,0,0,0,0,0,0,0,0,0,0,0,,,,
1416383742.99469,public,customer,13,13500000,77,1473993,1500000,0,0,0,1500000,0,196630,669024,4452,213,,,,
1416383742.99469,pg_catalog,pg_foreign_server,0,0,0,0,0,0,0,0,0,0,0,0,0,0,,,,
1416383742.99469,pg_catalog,pg_namespace,738,62396,97782,80244,2,0,0,0,2,0,411,81312,1191,115443,,,,
1416383742.99469,pg_toast,pg_toast_2619,0,0,74702,249303,2802,0,2564,0,261,20,24214,97741,1024,106405,,,,
1416383742.99469,pg_catalog,pg_authid,415,415,35308,35308,0,0,0,0,0,0,228,35495,1048,69568,,,,
1416383742.99469,pg_catalog,pg_default_acl,0,0,2192,0,0,0,0,0,0,0,0,0,229,1963,,,,
1416383742.99469,pg_catalog,pg_shdepend,0,0,2967,550,0,0,0,0,0,0,248,302,933,3130,,,,
1416383742.99469,pg_catalog,pg_constraint,0,0,144,72,72,0,72,0,10,32,39,405,72,724,0,0,0,0
1416383742.99469,information_schema,sql_implementation_info,0,0,,,0,0,0,0,0,0,0,0,,,0,0,0,0
1416383742.99469,pg_catalog,pg_index,2629,238493,199347,282902,404,0,404,0,143,0,2416,285551,1314,228107,,,,
1416383742.99469,pg_catalog,pg_ts_dict,0,0,0,0,0,0,0,0,0,0,0,0,0,0,,,,
1416383742.99469,pg_toast,pg_toast_2604,0,0,0,0,0,0,0,0,0,0,0,0,0,0,,,,
1416383742.99469,public,lineitem,17,780057144,2989723,87402437,60045669,0,0,0,60045710,0,15201929,25860415,864273,12787870,,,,
1416383742.99469,pg_toast,pg_toast_12325,0,0,0,0,0,0,0,0,0,0,0,0,0,0,,,,
1416383742.99469,information_schema,sql_sizing,0,0,,,0,0,0,0,0,0,0,0,,,0,0,0,0
1416383742.99469,pg_catalog,pg_proc,0,0,156728,232192,0,0,0,0,0,0,13450,155736,6549,340583,0,0,0,0
1416383802.99935,pg_catalog,pg_attrdef,0,0,0,0,0,0,0,0,0,0,0,0,0,0,0,0,0,0
1416383802.99935,pg_catalog,pg_db_role_setting,0,0,74400,0,0,0,0,0,0,0,0,0,228,74172,0,0,0,0
1416383802.99935,pg_catalog,pg_rowsecurity,0,0,0,0,0,0,0,0,0,0,0,0,0,0,,,,
1416383802.99935,pg_catalog,pg_description,0,0,2417,0,0,0,0,0,0,0,0,0,649,4733,0,0,0,0
1416383802.99935,pg_catalog,pg_foreign_data_wrapper,0,0,0,0,0,0,0,0,0,0,0,0,0,0,,,,
1416383802.99935,pg_catalog,pg_conversion,0,0,0,0,0,0,0,0,0,0,0,0,0,0,,,,
1416383802.99935,pg_catalog,pg_class,5579,1203710,437781,399368,952,306,952,296,337,68,5593,458563,3978,915703,,,,
1416383802.99935,pg_catalog,pg_opfamily,0,0,0,0,0,0,0,0,0,0,0,0,0,0,,,,
1416383802.99935,pg_catalog,pg_auth_members,0,0,0,0,0,0,0,0,0,0,0,0,0,0,,,,
1416383802.99935,pg_catalog,pg_operator,0,0,136767,719607,0,0,0,0,0,0,3841,497508,3361,296434,,,,
1416383802.99935,pg_toast,pg_toast_12345,0,0,0,0,0,0,0,0,0,0,0,0,0,0,,,,
1416383802.99935,pg_catalog,pg_attribute,1474,10050,360304,812925,3430,90,3430,90,2514,260,13827,398967,3273,752580,,,,
1416383802.99935,pg_catalog,pg_tablespace,0,0,12650,12650,0,0,0,0,0,0,368,12282,762,24590,,,,
1416383802.99935,pg_catalog,pg_statistic,0,0,99878,96240,743,2164,746,2039,464,71,10032,92707,1154,213324,24222,97764,1024,106463
1416383802.99935,pg_catalog,pg_aggregate,0,0,9528,9528,0,0,0,0,0,0,705,8823,1598,15007,,,,
1416383802.99935,pg_catalog,pg_inherits,0,0,548,0,0,0,0,0,0,0,0,0,225,323,,,,
1416383802.99935,pg_catalog,pg_enum,0,0,0,0,0,0,0,0,0,0,0,0,0,0,,,,
1416383802.99935,pg_toast,pg_toast_2396,0,0,0,0,0,0,0,0,0,0,0,0,0,0,,,,
1416383802.99935,pg_catalog,pg_pltemplate,0,0,0,0,0,0,0,0,0,0,0,0,0,0,,,,
1416383802.99935,pg_toast,pg_toast_2618,0,0,1772,5660,0,0,0,0,0,0,1026,1142,305,2551,,,,
1416383802.99935,pg_toast,pg_toast_3596,0,0,0,0,0,0,0,0,0,0,0,0,0,0,,,,
1416383802.99935,pg_toast,pg_toast_2606,0,0,0,0,0,0,0,0,0,0,0,0,0,0,,,,
1416383802.99935,pg_toast,pg_toast_2964,0,0,0,0,0,0,0,0,0,0,0,0,0,0,,,,
1416383802.99935,pg_toast,pg_toast_12330,0,0,0,0,0,0,0,0,0,0,0,0,0,0,,,,
1416383802.99935,pg_catalog,pg_database,1374,5280,60506,60506,0,0,0,0,0,0,169,61711,1019,96651,,,,
1416383802.99935,information_schema,sql_sizing_profiles,0,0,,,0,0,0,0,0,0,0,0,,,0,0,0,0
1416383802.99935,pg_toast,pg_toast_2620,0,0,0,0,0,0,0,0,0,0,0,0,0,0,,,,
1416383802.99935,pg_catalog,pg_depend,0,0,22701,24420,4172,0,4172,0,6685,156,4100,29251,5733,59107,,,,
1416383802.99935,pg_catalog,pg_language,0,0,0,0,0,0,0,0,0,0,0,0,0,0,,,,
1416383802.99935,public,region,6341,31680,16,16,5,0,0,0,5,0,4,6350,8,14,,,,
1416383802.99935,pg_toast,pg_toast_12320,0,0,0,0,0,0,0,0,0,0,0,0,0,0,,,,
1416383802.99935,pg_catalog,pg_amproc,268,536,78110,123050,0,0,0,0,0,0,374,76804,710,173595,,,,
1416383802.99935,pg_catalog,pg_collation,0,0,0,0,0,0,0,0,0,0,0,0,0,0,,,,
1416383802.99935,pg_catalog,pg_range,0,0,4290,0,0,0,0,0,0,0,0,0,1682,6898,,,,
1416383802.99935,pg_toast,pg_toast_2609,0,0,0,0,0,0,0,0,0,0,0,0,0,0,,,,
1416383802.99935,pg_catalog,pg_opclass,268,268,107521,1206518,0,0,0,0,0,0,860,479093,1724,131357,,,,
1416383802.99935,information_schema,sql_packages,0,0,,,0,0,0,0,0,0,0,0,,,0,0,0,0
1416383802.99935,public,part,10,16000000,78,2367294,2000000,0,0,0,2000000,0,199143,409569,7916,753,,,,
1416383802.99935,pg_catalog,pg_rewrite,0,0,4297,3379,306,0,306,0,110,47,2119,3811,984,6348,1026,1142,610,5102
1416383802.99935,pg_toast,pg_toast_1255,0,0,0,0,0,0,0,0,0,0,0,0,0,0,,,,
1416383802.99935,pg_catalog,pg_seclabel,0,0,2417,0,0,0,0,0,0,0,0,0,212,2205,0,0,0,0
1416383802.99935,public,time_statistics,24,323,,,26,24,0,24,26,24,3,71,,,,,,
1416383802.99935,pg_toast,pg_toast_12335,0,0,0,0,0,0,0,0,0,0,0,0,0,0,,,,
1416383802.99935,pg_catalog,pg_ts_parser,0,0,0,0,0,0,0,0,0,0,0,0,0,0,,,,
1416383802.99935,pg_catalog,pg_trigger,0,0,0,0,0,0,0,0,0,0,0,0,0,0,0,0,0,0
1416383802.99935,public,nation,24,325,25409,25433,25,0,0,0,25,0,5,25419,12,25415,,,,
1416383802.99935,public,partsupp,7,40000000,56042,2351688,8000000,0,0,0,8000000,0,852775,3055178,38666,136172,,,,
1416383802.99935,public,supplier,11,700000,3307506,3391497,100000,0,0,0,100000,0,11398,3329741,802,6632942,,,,
1416383802.99935,pg_toast,pg_toast_12340,0,0,0,0,0,0,0,0,0,0,0,0,0,0,,,,
1416383802.99935,pg_catalog,pg_shseclabel,0,0,0,0,0,0,0,0,0,0,0,0,0,0,,,,
1416383802.99935,pg_catalog,pg_event_trigger,0,0,890,0,0,0,0,0,0,0,0,0,248,642,,,,
1416383802.99935,information_schema,sql_features,0,0,,,0,0,0,0,0,0,0,0,,,0,0,0,0
1416383802.99935,information_schema,sql_languages,0,0,,,0,0,0,0,0,0,0,0,,,0,0,0,0
1416383802.99935,pg_catalog,pg_foreign_table,0,0,0,0,0,0,0,0,0,0,0,0,0,0,,,,
1416383802.99935,pg_catalog,pg_extension,0,0,0,0,0,0,0,0,0,0,0,0,0,0,,,,
1416383802.99935,pg_catalog,pg_ts_config,0,0,0,0,0,0,0,0,0,0,0,0,0,0,,,,
1416383802.99935,pg_catalog,pg_shdescription,0,0,0,0,0,0,0,0,0,0,0,0,0,0,0,0,0,0
1416383802.99935,public,orders,16,150090000,5147638,8295624,15015000,0,0,0,15015000,0,1916495,7248649,94528,15520972,,,,
1416383802.99935,pg_catalog,pg_cast,0,0,596253,141399,0,0,0,0,0,0,814,140585,498,612815,,,,
1416383802.99935,pg_catalog,pg_amop,0,0,159692,232706,0,0,0,0,0,0,1195,231511,2612,337726,,,,
1416383802.99935,pg_catalog,pg_user_mapping,0,0,0,0,0,0,0,0,0,0,0,0,0,0,,,,
1416383802.99935,pg_toast,pg_toast_12315,0,0,0,0,0,0,0,0,0,0,0,0,0,0,,,,
1416383802.99935,pg_catalog,pg_type,0,0,422218,418100,1087,0,1087,0,360,90,2760,420158,4090,867591,,,,
1416383802.99935,pg_catalog,pg_largeobject,0,0,0,0,0,0,0,0,0,0,0,0,0,0,,,,
1416383802.99935,information_schema,sql_parts,0,0,,,0,0,0,0,0,0,0,0,,,0,0,0,0
1416383802.99935,pg_catalog,pg_ts_config_map,0,0,0,0,0,0,0,0,0,0,0,0,0,0,,,,
1416383802.99935,pg_catalog,pg_largeobject_metadata,0,0,0,0,0,0,0,0,0,0,0,0,0,0,,,,
1416383802.99935,pg_catalog,pg_am,18489,18489,0,0,0,0,0,0,0,0,265,18224,0,0,,,,
1416383802.99935,pg_catalog,pg_ts_template,0,0,0,0,0,0,0,0,0,0,0,0,0,0,,,,
1416383802.99935,public,customer,14,15000000,81,1473997,1500000,0,0,0,1500000,0,196630,704306,4452,230,,,,
1416383802.99935,pg_catalog,pg_foreign_server,0,0,0,0,0,0,0,0,0,0,0,0,0,0,,,,
1416383802.99935,pg_catalog,pg_namespace,740,62568,97958,80409,2,0,0,0,2,0,411,81481,1191,115632,,,,
1416383802.99935,pg_toast,pg_toast_2619,0,0,74728,249377,2802,0,2564,0,261,20,24222,97764,1024,106463,,,,
1416383802.99935,pg_catalog,pg_authid,416,416,35330,35330,0,0,0,0,0,0,228,35518,1048,69612,,,,
1416383802.99935,pg_catalog,pg_default_acl,0,0,2192,0,0,0,0,0,0,0,0,0,229,1963,,,,
1416383802.99935,pg_catalog,pg_shdepend,0,0,2967,550,0,0,0,0,0,0,248,302,933,3130,,,,
1416383802.99935,pg_catalog,pg_constraint,0,0,144,72,72,0,72,0,10,32,39,405,72,724,0,0,0,0
1416383802.99935,information_schema,sql_implementation_info,0,0,,,0,0,0,0,0,0,0,0,,,0,0,0,0
1416383802.99935,pg_catalog,pg_index,2634,239208,199441,283033,404,0,404,0,143,0,2416,285704,1314,228220,,,,
1416383802.99935,pg_catalog,pg_ts_dict,0,0,0,0,0,0,0,0,0,0,0,0,0,0,,,,
1416383802.99935,pg_toast,pg_toast_2604,0,0,0,0,0,0,0,0,0,0,0,0,0,0,,,,
1416383802.99935,public,lineitem,17,780057144,4198338,96063198,60045669,0,0,0,60045710,0,16434600,26127813,1114367,17415266,,,,
1416383802.99935,pg_toast,pg_toast_12325,0,0,0,0,0,0,0,0,0,0,0,0,0,0,,,,
1416383802.99935,information_schema,sql_sizing,0,0,,,0,0,0,0,0,0,0,0,,,0,0,0,0
1416383802.99935,pg_catalog,pg_proc,0,0,156852,232372,0,0,0,0,0,0,13453,155881,6549,340853,0,0,0,0
